driverId,driverRef,number,code,forename,surname,dob,nationality,url
1,farina,,,Nino,Farina,1906-10-30,Italian,http://en.wikipedia.org/wiki/Nino_Farina
2,fagioli,,,Luigi,Fagioli,1898-06-09,Italian,http://en.wikipedia.org/wiki/Luigi_Fagioli
3,reg_parnell,,,Reg,Parnell,1911-07-02,British,http://en.wikipedia.org/wiki/Reg_Parnell
4,cabantous,,,Yves,Cabantous,1904-10-08,French,http://en.wikipedia.org/wiki/Yves_Giraud_Cabantous
5,rosier,,,Louis,Rosier,1905-11-05,French,http://en.wikipedia.org/wiki/Louis_Rosier
6,gerard,,,Bob,Gerard,1914-01-19,British,http://en.wikipedia.org/wiki/Bob_Gerard
7,harrison,,,Cuth,Harrison,1906-07-06,British,http://en.wikipedia.org/wiki/Cuth_Harrison
8,etancelin,,,Philippe,Étancelin,1896-12-28,French,http://en.wikipedia.org/wiki/Philippe_%C3%89tancelin
9,hampshire,,,David,Hampshire,1917-12-29,British,http://en.wikipedia.org/wiki/David_Hampshire
10,shawe_taylor,,,Brian,Shawe Taylor,1915-01-28,British,http://en.wikipedia.org/wiki/Brian_Shawe_Taylor
11,fry,,,Joe,Fry,1915-10-26,British,http://en.wikipedia.org/wiki/Joe_Fry
12,claes,,,Johnny,Claes,1916-08-11,Belgian,http://en.wikipedia.org/wiki/Johnny_Claes
13,fangio,,,Juan,Fangio,1911-06-24,Argentine,http://en.wikipedia.org/wiki/Juan_Manuel_Fangio
14,kelly,,,Joe,Kelly,1913-03-13,Irish,http://en.wikipedia.org/wiki/Joe_Kelly_(Formula_One)
15,bira,,,Prince,Bira,1914-07-15,Thai,http://en.wikipedia.org/wiki/Prince_Bira
16,murray,,,David,Murray,1909-12-28,British,http://en.wikipedia.org/wiki/David_Murray_(driver)
17,crossley,,,Geoff,Crossley,1921-05-11,British,http://en.wikipedia.org/wiki/Geoff_Crossley
18,graffenried,,,Toulo,de Graffenried,1914-05-18,Swiss,http://en.wikipedia.org/wiki/Toulo_de_Graffenried
19,chiron,,,Louis,Chiron,1899-08-03,Monegasque,http://en.wikipedia.org/wiki/Louis_Chiron
20,martin,,,Eugène,Martin,1915-03-24,French,http://en.wikipedia.org/wiki/Eug%C3%A8ne_Martin
21,rolt,,,Tony,Rolt,1918-10-16,British,http://en.wikipedia.org/wiki/Tony_Rolt
22,peter_walker,,,Peter,Walker,1912-10-07,British,http://en.wikipedia.org/wiki/Peter_Walker_(driver)
23,leslie_johnson,,,Leslie,Johnson,1912-03-22,British,http://en.wikipedia.org/wiki/Leslie_Johnson_(racing_driver)
24,ascari,,,Alberto,Ascari,1918-07-13,Italian,http://en.wikipedia.org/wiki/Alberto_Ascari
25,sommer,,,Raymond,Sommer,1906-08-31,French,http://en.wikipedia.org/wiki/Raymond_Sommer
26,villoresi,,,Luigi,Villoresi,1909-05-16,Italian,http://en.wikipedia.org/wiki/Luigi_Villoresi
27,gonzalez,,,José Froilán,González,1922-10-05,Argentine,http://en.wikipedia.org/wiki/Jos%C3%A9_Froil%C3%A1n_Gonz%C3%A1lez
28,manzon,,,Robert,Manzon,1917-04-12,French,http://en.wikipedia.org/wiki/Robert_Manzon
29,trintignant,,,Maurice,Trintignant,1917-10-30,French,http://en.wikipedia.org/wiki/Maurice_Trintignant
30,rol,,,Franco,Rol,1908-06-05,Italian,http://en.wikipedia.org/wiki/Franco_Rol
31,schell,,,Harry,Schell,1921-06-29,American,http://en.wikipedia.org/wiki/Harry_Schell
32,whitehead,,,Peter,Whitehead,1914-11-12,British,http://en.wikipedia.org/wiki/Peter_Whitehead_(racing_driver)
33,pian,,,Alfredo,Pián,1912-10-21,Argentine,http://en.wikipedia.org/wiki/Alfredo_Pi%C3%A0n
34,parsons,,,Johnnie,Parsons,1918-07-04,American,http://en.wikipedia.org/wiki/Johnnie_Parsons
35,holland,,,Bill,Holland,1907-12-18,American,http://en.wikipedia.org/wiki/Bill_Holland
36,rose,,,Mauri,Rose,1906-05-26,American,http://en.wikipedia.org/wiki/Mauri_Rose
37,green,,,Cecil,Green,1919-09-30,American,http://en.wikipedia.org/wiki/Cecil_Green
38,chitwood,,,Joie,Chitwood,1912-04-14,American,http://en.wikipedia.org/wiki/Joie_Chitwood
39,bettenhausen,,,Tony,Bettenhausen,1916-09-12,American,http://en.wikipedia.org/wiki/Tony_Bettenhausen
40,wallard,,,Lee,Wallard,1910-09-07,American,http://en.wikipedia.org/wiki/Lee_Wallard
41,faulkner,,,Walt,Faulkner,1920-02-16,American,http://en.wikipedia.org/wiki/Walt_Faulkner
42,george_connor,,,George,Connor,1906-08-16,American,http://en.wikipedia.org/wiki/George_Connor_(driver)
43,paul_russo,,,Paul,Russo,1914-04-10,American,http://en.wikipedia.org/wiki/Paul_Russo
44,flaherty,,,Pat,Flaherty,1926-01-06,American,http://en.wikipedia.org/wiki/Pat_Flaherty_(racing_driver)
45,fohr,,,Myron,Fohr,1912-06-17,American,http://en.wikipedia.org/wiki/Myron_Fohr
46,darter,,,Duane,Carter,1913-05-05,American,http://en.wikipedia.org/wiki/Duane_Carter
47,hellings,,,Mack,Hellings,1915-09-14,American,http://en.wikipedia.org/wiki/Mack_Hellings
48,mcgrath,,,Jack,McGrath,1919-10-08,American,http://en.wikipedia.org/wiki/Jack_McGrath_(racing_driver)
49,ruttman,,,Troy,Ruttman,1930-03-11,American,http://en.wikipedia.org/wiki/Troy_Ruttman
50,hartley,,,Gene,Hartley,1926-01-28,American,http://en.wikipedia.org/wiki/Gene_Hartley
51,davies,,,Jimmy,Davies,1929-08-08,American,http://en.wikipedia.org/wiki/Jimmy_Davies
52,mcdowell,,,Johnny,McDowell,1915-01-29,American,http://en.wikipedia.org/wiki/Johnny_McDowell
53,walt_brown,,,Walt,Brown,1911-12-30,American,http://en.wikipedia.org/wiki/Walt_Brown_(auto_racer)
54,webb,,,Travis,Webb,1910-10-08,American,http://en.wikipedia.org/wiki/Travis_Webb
55,hoyt,,,Jerry,Hoyt,1929-01-29,American,http://en.wikipedia.org/wiki/Jerry_Hoyt
56,ader,,,Walt,Ader,1913-12-15,American,http://en.wikipedia.org/wiki/Walt_Ader
57,holmes,,,Jackie,Holmes,1920-09-04,American,http://en.wikipedia.org/wiki/Jackie_Holmes
58,rathmann,,,Jim,Rathmann,1928-07-16,American,http://en.wikipedia.org/wiki/Jim_Rathmann
59,banks,,,Henry,Banks,1913-06-14,American,http://en.wikipedia.org/wiki/Henry_Banks
60,schindler,,,Bill,Schindler,1909-03-06,American,http://en.wikipedia.org/wiki/Bill_Schindler
61,levrett,,,Bayliss,Levrett,1914-02-14,American,http://en.wikipedia.org/wiki/Bayliss_Levrett
62,cantrell,,,Bill,Cantrell,1908-01-31,American,http://en.wikipedia.org/wiki/William_Cantrell
63,agabashian,,,Fred,Agabashian,1913-08-21,American,http://en.wikipedia.org/wiki/Fred_Agabashian
64,bonetto,,,Felice,Bonetto,1903-06-09,Italian,http://en.wikipedia.org/wiki/Felice_Bonetto
65,pagani,,,Nello,Pagani,1911-10-11,Italian,http://en.wikipedia.org/wiki/Nello_Pagani
66,branca,,,Toni,Branca,1916-09-15,Swiss,http://en.wikipedia.org/wiki/Toni_Branca
67,levegh,,,Pierre,Levegh,1905-12-22,French,http://en.wikipedia.org/wiki/Pierre_Levegh
68,chaboud,,,Eugène,Chaboud,1907-04-12,French,http://en.wikipedia.org/wiki/Eug%C3%A8ne_Chaboud
69,pozzi,,,Charles,Pozzi,1909-08-27,French,http://en.wikipedia.org/wiki/Charles_Pozzi
70,serafini,,,Dorino,Serafini,1909-07-22,Italian,http://en.wikipedia.org/wiki/Dorino_Serafini
71,guy_mairesse,,,Guy,Mairesse,1910-08-10,French,http://en.wikipedia.org/wiki/Guy_Mairesse
72,taruffi,,,Piero,Taruffi,1906-10-12,Italian,http://en.wikipedia.org/wiki/Piero_Taruffi
73,biondetti,,,Clemente,Biondetti,1898-08-18,Italian,http://en.wikipedia.org/wiki/Clemente_Biondetti
74,louveau,,,Henri,Louveau,1910-01-25,French,http://en.wikipedia.org/wiki/Henri_Louveau
75,comotti,,,Franco,Comotti,1906-07-24,Italian,http://en.wikipedia.org/wiki/Franco_Comotti
76,sanesi,,,Consalvo,Sanesi,1911-03-28,Italian,http://en.wikipedia.org/wiki/Consalvo_Sanesi
77,pietsch,,,Paul,Pietsch,1911-06-20,German,http://en.wikipedia.org/wiki/Paul_Pietsch
78,moss,,,Stirling,Moss,1929-09-17,British,http://en.wikipedia.org/wiki/Stirling_Moss
79,fischer,,,Rudi,Fischer,1912-04-19,Swiss,http://en.wikipedia.org/wiki/Rudi_Fischer
80,abecassis,,,George,Abecassis,1913-03-21,British,http://en.wikipedia.org/wiki/George_Abecassis
81,hirt,,,Peter,Hirt,1910-03-30,Swiss,http://en.wikipedia.org/wiki/Peter_Hirt
82,nazaruk,,,Mike,Nazaruk,1921-10-02,American,http://en.wikipedia.org/wiki/Mike_Nazaruk
83,ayulo,,,Manny,Ayulo,1921-10-20,American,http://en.wikipedia.org/wiki/Manny_Ayulo
84,linden,,,Andy,Linden,1922-04-05,American,http://en.wikipedia.org/wiki/Andy_Linden_(racing_driver)
85,ball,,,Bobby,Ball,1925-08-26,American,http://en.wikipedia.org/wiki/Bobby_Ball_(auto_racer)
86,forberg,,,Carl,Forberg,1911-03-04,American,http://en.wikipedia.org/wiki/Carl_Forberg
87,nalon,,,Duke,Nalon,1913-03-02,American,http://en.wikipedia.org/wiki/Duke_Nalon
88,force,,,Gene,Force,1916-06-15,American,http://en.wikipedia.org/wiki/Gene_Force
89,hanks,,,Sam,Hanks,1914-07-13,American,http://en.wikipedia.org/wiki/Sam_Hanks
90,scarborough,,,Carl,Scarborough,1914-07-03,American,http://en.wikipedia.org/wiki/Carl_Scarborough
91,mackey,,,Bill,Mackey,1927-12-15,American,http://en.wikipedia.org/wiki/Bill_Mackey
92,stevenson,,,Chuck,Stevenson,1919-10-15,American,http://en.wikipedia.org/wiki/Chuck_Stevenson
93,dinsmore,,,Duke,Dinsmore,1913-04-10,American,http://en.wikipedia.org/wiki/Duke_Dinsmore
94,miller,,,Chet,Miller,1902-07-19,American,http://en.wikipedia.org/wiki/Chet_Miller
95,ward,,,Rodger,Ward,1921-01-10,American,http://en.wikipedia.org/wiki/Rodger_Ward
96,griffith,,,Cliff,Griffith,1916-02-06,American,http://en.wikipedia.org/wiki/Cliff_Griffith
97,vukovich,,,Bill,Vukovich,1918-12-13,American,http://en.wikipedia.org/wiki/Bill_Vukovich
98,andre_pilette,,,André,Pilette,1918-10-06,Belgian,http://en.wikipedia.org/wiki/Andr%C3%A9_Pilette
99,gordini,,,Aldo,Gordini,1921-05-20,French,http://en.wikipedia.org/wiki/Aldo_Gordini
100,simon,,,André,Simon,1920-01-05,French,http://en.wikipedia.org/wiki/Andr%C3%A9_Simon_(racing_driver)
101,marimon,,,Onofre,Marimón,1923-12-19,Argentine,http://en.wikipedia.org/wiki/Onofre_Marim%C3%B3n
102,duncan_hamilton,,,Duncan,Hamilton,1920-04-30,British,http://en.wikipedia.org/wiki/Duncan_Hamilton_(racing_driver)
103,parker,,,Philip,Fotheringham-Parker,1907-09-22,British,http://en.wikipedia.org/wiki/Philip_Fotheringham-Parker
104,john_james,,,John,James,1914-05-10,British,http://en.wikipedia.org/wiki/John_James_(auto_racer)
105,swaters,,,Jacques,Swaters,1926-10-30,American,http://en.wikipedia.org/wiki/Jacques_Swaters
106,landi,,,Chico,Landi,1907-07-14,Brazilian,http://en.wikipedia.org/wiki/Chico_Landi
107,richardson,,,Ken,Richardson,1911-08-21,British,http://en.wikipedia.org/wiki/Ken_Richardson_(race_car_driver)
108,godia,,,Paco,Godia,1921-03-21,Spanish,http://en.wikipedia.org/wiki/Paco_Godia
109,grignard,,,Georges,Grignard,1905-07-25,French,http://en.wikipedia.org/wiki/Georges_Grignard
110,jover,,,Juan,Jover,1903-11-23,Spanish,http://en.wikipedia.org/wiki/Juan_Jover
111,behra,,,Jean,Behra,1921-02-16,French,http://en.wikipedia.org/wiki/Jean_Behra
112,wharton,,,Ken,Wharton,1916-03-21,British,http://en.wikipedia.org/wiki/Ken_Wharton
113,alan_brown,,,Alan,Brown,1919-11-20,British,http://en.wikipedia.org/wiki/Alan_Brown_(racing_driver)
114,brandon,,,Eric,Brandon,1920-07-18,British,http://en.wikipedia.org/wiki/Eric_Brandon
115,macklin,,,Lance,Macklin,1919-09-02,British,http://en.wikipedia.org/wiki/Lance_Macklin
116,collins,,,Peter,Collins,1931-11-06,British,http://en.wikipedia.org/wiki/Peter_Collins_(racing_driver)
117,hans_stuck,,,Hans,von Stuck,1900-12-27,German,http://en.wikipedia.org/wiki/Hans_Von_Stuck
118,ulmen,,,Toni,Ulmen,1906-01-25,German,http://en.wikipedia.org/wiki/Toni_Ulmen
119,terra,,,Max,de Terra,1918-10-06,Swiss,http://en.wikipedia.org/wiki/Max_de_Terra
120,cross,,,Art,Cross,1918-01-24,American,http://en.wikipedia.org/wiki/Art_Cross
121,bryan,,,Jimmy,Bryan,1926-01-28,American,http://en.wikipedia.org/wiki/Jimmy_Bryan
122,reece,,,Jimmy,Reece,1929-11-17,American,http://en.wikipedia.org/wiki/Jimmy_Reece
123,rigsby,,,Jim,Rigsby,1923-06-06,American,http://en.wikipedia.org/wiki/Jim_Rigsby
124,james,,,Joe,James,1925-05-23,American,http://en.wikipedia.org/wiki/Joe_James_(racing_driver)
125,fonder,,,George,Fonder,1917-06-22,American,http://en.wikipedia.org/wiki/George_Fonder
126,johnson,,,Eddie,Johnson,1919-02-10,American,http://en.wikipedia.org/wiki/Eddie_Johnson_(auto_racer)
127,sweikert,,,Bob,Sweikert,1926-05-20,American,http://en.wikipedia.org/wiki/Bob_Sweikert
128,bob_scott,,,Bob,Scott,1928-10-04,American,http://en.wikipedia.org/wiki/Bob_Scott_(auto_racer)
129,hawthorn,,,Mike,Hawthorn,1929-04-10,British,http://en.wikipedia.org/wiki/Mike_Hawthorn
130,frere,,,Paul,Frère,1917-01-30,Belgian,http://en.wikipedia.org/wiki/Paul_Fr%C3%A8re
131,tornaco,,,Charles,de Tornaco,1927-06-07,Belgian,http://en.wikipedia.org/wiki/Charles_de_Tornaco
132,laurent,,,Roger,Laurent,1913-02-21,Belgian,http://en.wikipedia.org/wiki/Roger_Laurent
133,legat,,,Arthur,Legat,1898-11-01,Belgian,http://en.wikipedia.org/wiki/Arthur_Legat
134,obrien,,,Robert,O'Brien,1908-04-11,American,http://en.wikipedia.org/wiki/Robert_O%27Brien_(auto_racer)
135,gaze,,,Tony,Gaze,1920-02-03,Australian,http://en.wikipedia.org/wiki/Tony_Gaze
136,charrington,,,Robin,Montgomerie-Charrington,1915-06-23,British,http://en.wikipedia.org/wiki/Robin_Montgomerie-Charrington
137,carini,,,Piero,Carini,1921-03-06,Italian,http://en.wikipedia.org/wiki/Piero_Carini
138,poore,,,Dennis,Poore,1916-08-19,British,http://en.wikipedia.org/wiki/Dennis_Poore
139,thompson,,,Eric,Thompson,1919-11-04,British,http://en.wikipedia.org/wiki/Eric_Thompson_(racing_driver)
140,salvadori,,,Roy,Salvadori,1922-05-12,British,http://en.wikipedia.org/wiki/Roy_Salvadori
141,downing,,,Ken,Downing,1917-12-05,British,http://en.wikipedia.org/wiki/Ken_Downing
142,graham_whitehead,,,Graham,Whitehead,1922-04-15,British,http://en.wikipedia.org/wiki/Graham_Whitehead
143,mcalpine,,,Kenneth,McAlpine,1920-09-21,British,http://en.wikipedia.org/wiki/Kenneth_McAlpine
144,bianco,,,Gino,Bianco,1916-07-22,Brazilian,http://en.wikipedia.org/wiki/Gino_Bianco
145,crook,,,Tony,Crook,1920-02-16,British,http://en.wikipedia.org/wiki/Tony_Crook
146,riess,,,Fritz,Riess,1922-07-11,German,http://en.wikipedia.org/wiki/Fritz_Riess
147,niedermayr,,,Helmut,Niedermayr,1915-11-29,German,http://en.wikipedia.org/wiki/Helmut_Niedermayr
148,klenk,,,Hans,Klenk,1919-10-28,German,http://en.wikipedia.org/wiki/Hans_Klenk
149,klodwig,,,Ernst,Klodwig,1903-05-23,East German,http://en.wikipedia.org/wiki/Ernst_Klodwig
150,heeks,,,Willi,Heeks,1922-02-13,German,http://en.wikipedia.org/wiki/Willi_Heeks
151,brudes,,,Adolf,Brudes,1899-10-15,German,http://en.wikipedia.org/wiki/Adolf_Brudes
152,balsa,,,Marcel,Balsa,1909-01-01,French,http://en.wikipedia.org/wiki/Marcel_Balsa
153,bechem,,,Günther,Bechem,1921-12-21,German,http://en.wikipedia.org/wiki/G%C3%BCnther_Bechem
154,cantoni,,,Eitel,Cantoni,1906-10-04,Uruguayan,http://en.wikipedia.org/wiki/Eitel_Cantoni
155,krause,,,Rudolf,Krause,1907-03-30,East German,http://en.wikipedia.org/wiki/Rudolf_Krause
156,schoeller,,,Rudolf,Schoeller,1902-04-27,Swiss,http://en.wikipedia.org/wiki/Rudolf_Schoeller
157,aston,,,Bill,Aston,1900-03-29,British,http://en.wikipedia.org/wiki/Bill_Aston
158,helfrich,,,Theo,Helfrich,1913-05-13,German,http://en.wikipedia.org/wiki/Theo_Helfrich
159,peters,,,Josef,Peters,1914-09-16,German,http://en.wikipedia.org/wiki/Josef_Peters_(driver)
160,flinterman,,,Jan,Flinterman,1919-10-02,Dutch,http://en.wikipedia.org/wiki/Jan_Flinterman
161,lof,,,Dries,van der Lof,1919-08-23,Dutch,http://en.wikipedia.org/wiki/Dries_van_der_Lof
162,bayol,,,Élie,Bayol,1914-02-28,French,http://en.wikipedia.org/wiki/%C3%89lie_Bayol
163,crespo,,,Alberto,Crespo,1920-01-16,Argentine,http://en.wikipedia.org/wiki/Alberto_Crespo
164,galvez,,,Oscar,Gálvez,1913-08-17,Argentine,http://en.wikipedia.org/wiki/%C3%93scar_Alfredo_G%C3%A1lvez
165,john_barber,,,John,Barber,1929-07-22,British,http://en.wikipedia.org/wiki/John_Barber_(racing_driver)
166,menditeguy,,,Carlos,Menditeguy,1914-08-10,Argentine,http://en.wikipedia.org/wiki/Carlos_Menditeguy
167,birger,,,Pablo,Birger,1924-01-07,Argentine,http://en.wikipedia.org/wiki/Pablo_Birger
168,cruz,,,Adolfo,Cruz,1923-06-28,Argentine,http://en.wikipedia.org/wiki/Adolfo_Schewelm_Cruz
169,daywalt,,,Jimmy,Daywalt,1924-08-28,American,http://en.wikipedia.org/wiki/Jimmy_Daywalt
170,mccoy,,,Ernie,McCoy,1921-02-19,American,http://en.wikipedia.org/wiki/Ernie_McCoy
171,mantz,,,Johnny,Mantz,1918-09-18,American,http://en.wikipedia.org/wiki/Johnny_Mantz
172,teague,,,Marshall,Teague,1921-02-22,American,http://en.wikipedia.org/wiki/Marshall_Teague_(racing_driver)
173,mieres,,,Roberto,Mieres,1924-12-03,Argentine,http://en.wikipedia.org/wiki/Roberto_Mieres
174,wacker,,,Fred,Wacker,1918-07-10,American,http://en.wikipedia.org/wiki/Fred_Wacker
175,georges_berger,,,Georges,Berger,1918-09-14,Belgian,http://en.wikipedia.org/wiki/Georges_Berger
176,jimmy_stewart,,,Jimmy,Stewart,1931-03-06,British,http://en.wikipedia.org/wiki/Jimmy_Stewart_(racing_driver)
177,fairman,,,Jack,Fairman,1913-03-15,British,http://en.wikipedia.org/wiki/Jack_Fairman
178,ian_stewart,,,Ian,Stewart,1929-07-15,British,http://en.wikipedia.org/wiki/Ian_Stewart_(racing_driver)
179,herrmann,,,Hans,Herrmann,1928-02-23,German,http://en.wikipedia.org/wiki/Hans_Herrmann
180,nuckey,,,Rodney,Nuckey,1929-06-26,British,http://en.wikipedia.org/wiki/Rodney_Nuckey
181,seidel,,,Wolfgang,Seidel,1926-07-04,German,http://en.wikipedia.org/wiki/Wolfgang_Seidel
182,barth,,,Edgar,Barth,1917-01-26,German,http://en.wikipedia.org/wiki/Edgar_Barth
183,karch,,,Oswald,Karch,1917-03-06,German,http://en.wikipedia.org/wiki/Oswald_Karch
184,fitzau,,,Theo,Fitzau,1923-02-10,East German,http://en.wikipedia.org/wiki/Theo_Fitzau
185,adolff,,,Kurt,Adolff,1921-11-05,German,http://en.wikipedia.org/wiki/Kurt_Adolff
186,lang,,,Hermann,Lang,1909-04-06,German,http://en.wikipedia.org/wiki/Hermann_Lang
187,scherrer,,,Albert,Scherrer,1908-02-28,Swiss,http://en.wikipedia.org/wiki/Albert_Scherrer
188,musso,,,Luigi,Musso,1924-07-28,Italian,http://en.wikipedia.org/wiki/Luigi_Musso
189,mantovani,,,Sergio,Mantovani,1929-05-22,Italian,http://en.wikipedia.org/wiki/Sergio_Mantovani
190,maglioli,,,Umberto,Maglioli,1928-06-05,Italian,http://en.wikipedia.org/wiki/Umberto_Maglioli
191,fitch,,,John,Fitch,1917-08-04,American,http://en.wikipedia.org/wiki/John_Fitch_(driver)
192,loyer,,,Roger,Loyer,1907-08-05,French,http://en.wikipedia.org/wiki/Roger_Loyer
193,daponte,,,Jorge,Daponte,1923-06-05,Argentine,http://en.wikipedia.org/wiki/Jorge_Daponte
194,freeland,,,Don,Freeland,1925-03-25,American,http://en.wikipedia.org/wiki/Don_Freeland
195,crockett,,,Larry,Crockett,1926-10-23,American,http://en.wikipedia.org/wiki/Larry_Crockett
196,niday,,,Cal,Niday,1914-04-29,American,http://en.wikipedia.org/wiki/Cal_Niday
197,jackson,,,Jimmy,Jackson,1910-07-25,American,http://en.wikipedia.org/wiki/Jimmy_Jackson_(driver)
198,elisian,,,Ed,Elisian,1926-12-09,American,http://en.wikipedia.org/wiki/Ed_Elisian
199,armi,,,Frank,Armi,1918-10-12,American,http://en.wikipedia.org/wiki/Frank_Armi
200,kling,,,Karl,Kling,1910-09-16,German,http://en.wikipedia.org/wiki/Karl_Kling
201,pollet,,,Jacques,Pollet,1922-07-02,French,http://en.wikipedia.org/wiki/Jacques_Pollet
202,beauman,,,Don,Beauman,1928-07-26,British,http://en.wikipedia.org/wiki/Don_Beauman
203,marr,,,Leslie,Marr,1922-08-14,British,http://en.wikipedia.org/wiki/Leslie_Marr
204,thorne,,,Leslie,Thorne,1916-06-23,British,http://en.wikipedia.org/wiki/Leslie_Thorne
205,gould,,,Horace,Gould,1918-09-20,British,http://en.wikipedia.org/wiki/Horace_Gould
206,whitehouse,,,Bill,Whitehouse,1909-04-01,British,http://en.wikipedia.org/wiki/Bill_Whitehouse
207,flockhart,,,Ron,Flockhart,1923-06-16,British,http://en.wikipedia.org/wiki/Ron_Flockhart_(auto_racing)
208,riseley_prichard,,,John,Riseley-Prichard,1924-01-17,British,http://en.wikipedia.org/wiki/John_Riseley-Prichard
209,bucci,,,Clemar,Bucci,1920-09-04,Argentine,http://en.wikipedia.org/wiki/Clemar_Bucci
210,riu,,,Giovanni,de Riu,1925-03-10,Italian,http://en.wikipedia.org/wiki/Giovanni_de_Riu
211,volonterio,,,Ottorino,Volonterio,1917-12-07,Swiss,http://en.wikipedia.org/wiki/Ottorino_Volonterio
212,iglesias,,,Jesús,Iglesias,1922-02-22,Argentine,http://en.wikipedia.org/wiki/Jes%C3%BAs_Iglesias
213,castellotti,,,Eugenio,Castellotti,1930-10-10,Italian,http://en.wikipedia.org/wiki/Eugenio_Castellotti
214,uria,,,Alberto,Uria,1924-07-11,Uruguayan,http://en.wikipedia.org/wiki/Alberto_Uria
215,perdisa,,,Cesare,Perdisa,1932-10-21,Italian,http://en.wikipedia.org/wiki/Cesare_Perdisa
216,whiteaway,,,Ted,Whiteaway,1928-11-01,British,http://en.wikipedia.org/wiki/Ted_Whiteaway
217,thomson,,,Johnny,Thomson,1922-04-09,American,http://en.wikipedia.org/wiki/Johnny_Thomson
218,homeier,,,Bill,Homeier,1918-08-31,American,http://en.wikipedia.org/wiki/Bill_Homeier
219,herman,,,Al,Herman,1927-03-15,American,http://en.wikipedia.org/wiki/Al_Herman
220,connor,,,Pat,O'Connor,1928-10-09,American,http://en.wikipedia.org/wiki/Pat_O%27Connor_(auto_racer)
221,weyant,,,Chuck,Weyant,1923-04-03,American,http://en.wikipedia.org/wiki/Chuck_Weyant
222,templeman,,,Shorty,Templeman,1919-08-12,American,http://en.wikipedia.org/wiki/Shorty_Templeman
223,andrews,,,Keith,Andrews,1920-06-15,American,http://en.wikipedia.org/wiki/Keith_Andrews_(driver)
224,russo,,,Eddie,Russo,1925-11-19,American,http://en.wikipedia.org/wiki/Eddie_Russo
225,ray_crawford,,,Ray,Crawford,1915-10-26,American,http://en.wikipedia.org/wiki/Ray_Crawford
226,keller,,,Al,Keller,1920-04-11,American,http://en.wikipedia.org/wiki/Al_Keller
227,ramos,,,Hernando,da Silva Ramos,1925-12-07,Brazilian,http://en.wikipedia.org/wiki/Hernando_da_Silva_Ramos
228,sparken,,,Mike,Sparken,1930-06-16,French,http://en.wikipedia.org/wiki/Mike_Sparken
229,jack_brabham,,,Jack,Brabham,1926-04-02,Australian,http://en.wikipedia.org/wiki/Jack_Brabham
230,lucas,,,Jean,Lucas,1917-04-25,French,http://en.wikipedia.org/wiki/Jean_Lucas
231,piotti,,,Luigi,Piotti,1913-10-27,Italian,http://en.wikipedia.org/wiki/Luigi_Piotti
232,gerini,,,Gerino,Gerini,1928-08-10,Italian,http://en.wikipedia.org/wiki/Gerino_Gerini_(racing_driver)
233,gendebien,,,Olivier,Gendebien,1924-01-12,Belgian,http://en.wikipedia.org/wiki/Olivier_Gendebien
234,oscar_gonzalez,,,Óscar,González,1923-11-10,Uruguayan,http://en.wikipedia.org/wiki/Oscar_Gonz%C3%A1lez_(racing_driver)
235,scarlatti,,,Giorgio,Scarlatti,1921-10-02,Italian,http://en.wikipedia.org/wiki/Giorgio_Scarlatti
236,brooks,,,Tony,Brooks,1932-02-25,British,http://en.wikipedia.org/wiki/Tony_Brooks
237,dick_rathmann,,,Dick,Rathmann,1924-01-06,American,http://en.wikipedia.org/wiki/Dick_Rathmann
238,veith,,,Bob,Veith,1926-11-01,American,http://en.wikipedia.org/wiki/Bob_Veith
239,christie,,,Bob,Christie,1924-04-04,American,http://en.wikipedia.org/wiki/Bob_Christie_(racing_driver)
240,garrett,,,Billy,Garrett,1933-04-24,American,http://en.wikipedia.org/wiki/Billy_Garrett
241,tolan,,,Johnnie,Tolan,1917-10-22,American,http://en.wikipedia.org/wiki/Johnnie_Tolan
242,turner,,,Jack,Turner,1920-02-12,American,http://en.wikipedia.org/wiki/Jack_Turner_(driver)
243,scotti,,,Piero,Scotti,1909-11-11,Italian,http://en.wikipedia.org/wiki/Piero_Scotti
244,portago,,,Alfonso,de Portago,1928-10-11,Spanish,http://en.wikipedia.org/wiki/Alfonso_de_Portago
245,chapman,,,Colin,Chapman,1928-05-19,British,http://en.wikipedia.org/wiki/Colin_Chapman
246,titterington,,,Desmond,Titterington,1928-05-01,British,http://en.wikipedia.org/wiki/Desmond_Titterington
247,halford,,,Bruce,Halford,1931-05-18,British,http://en.wikipedia.org/wiki/Bruce_Halford
248,scott_Brown,,,Archie,Scott Brown,1927-05-13,British,http://en.wikipedia.org/wiki/Archie_Scott_Brown
249,emery,,,Paul,Emery,1916-11-12,British,http://en.wikipedia.org/wiki/Paul_Emery
250,milhoux,,,André,Milhoux,1928-12-09,Belgian,http://en.wikipedia.org/wiki/Andr%C3%A9_Milhoux
251,bonnier,,,Jo,Bonnier,1930-01-31,Swedish,http://en.wikipedia.org/wiki/Joakim_Bonnier
252,leston,,,Les,Leston,1920-12-16,British,http://en.wikipedia.org/wiki/Les_Leston
253,trips,,,Wolfgang,von Trips,1928-05-04,German,http://en.wikipedia.org/wiki/Wolfgang_Graf_Berghe_von_Trips
254,tomaso,,,Alessandro,de Tomaso,1928-07-10,Argentine-Italian,http://en.wikipedia.org/wiki/Alessandro_de_Tomaso
255,gregory,,,Masten,Gregory,1932-02-29,American,http://en.wikipedia.org/wiki/Masten_Gregory
256,lewis-evans,,,Stuart,Lewis-Evans,1930-04-20,British,http://en.wikipedia.org/wiki/Stuart_Lewis-Evans
257,bueb,,,Ivor,Bueb,1923-06-06,British,http://en.wikipedia.org/wiki/Ivor_Bueb
258,boyd,,,Johnny,Boyd,1926-08-19,American,http://en.wikipedia.org/wiki/Johnny_Boyd
259,edmunds,,,Don,Edmunds,1930-09-23,American,http://en.wikipedia.org/wiki/Don_Edmunds
260,sachs,,,Eddie,Sachs,1927-05-28,American,http://en.wikipedia.org/wiki/Eddie_Sachs
261,magill,,,Mike,Magill,1920-02-08,American,http://en.wikipedia.org/wiki/Mike_Magill
262,cheesbourg,,,Bill,Cheesbourg,1927-06-12,American,http://en.wikipedia.org/wiki/Bill_Cheesbourg
263,macdowel,,,Mike,MacDowel,1932-09-13,British,http://en.wikipedia.org/wiki/Mike_MacDowel
264,mackay-fraser,,,Herbert,MacKay-Fraser,1927-06-23,American,http://en.wikipedia.org/wiki/Herbert_MacKay-Fraser
265,naylor,,,Brian,Naylor,1923-03-24,British,http://en.wikipedia.org/wiki/Brian_Naylor
266,beaufort,,,Carel Godin,de Beaufort,1934-04-10,Dutch,http://en.wikipedia.org/wiki/Carel_Godin_de_Beaufort
267,marsh,,,Tony,Marsh,1931-07-20,British,http://en.wikipedia.org/wiki/Tony_Marsh_(racing_driver)
268,england,,,Paul,England,1929-03-28,Australian,http://en.wikipedia.org/wiki/Paul_England
269,gibson,,,Dick,Gibson,1918-04-16,British,http://en.wikipedia.org/wiki/Dick_Gibson
270,allison,,,Cliff,Allison,1932-02-08,British,http://en.wikipedia.org/wiki/Cliff_Allison
271,hill,,,Graham,Hill,1929-02-15,British,http://en.wikipedia.org/wiki/Graham_Hill
272,kavanagh,,,Ken,Kavanagh,1923-12-12,Australian,http://en.wikipedia.org/wiki/Ken_Kavanagh
273,kessler,,,Bruce,Kessler,1936-03-23,American,http://en.wikipedia.org/wiki/Bruce_Kessler
274,filippis,,,Maria,de Filippis,1926-11-11,Italian,http://en.wikipedia.org/wiki/Maria_Teresa_de_Filippis
275,testut,,,André,Testut,1926-04-13,Monegasque,http://en.wikipedia.org/wiki/Andr%C3%A9_Testut
276,cabianca,,,Giulio,Cabianca,1923-02-19,Italian,http://en.wikipedia.org/wiki/Giulio_Cabianca
277,ecclestone,,,Bernie,Ecclestone,1930-10-28,British,http://en.wikipedia.org/wiki/Bernie_Ecclestone
278,taramazzo,,,Luigi,Taramazzo,1932-05-05,Italian,http://en.wikipedia.org/wiki/Luigi_Taramazzo
279,george_amick,,,George,Amick,1924-10-24,American,http://en.wikipedia.org/wiki/George_Amick
280,larson,,,Jud,Larson,1923-01-21,American,http://en.wikipedia.org/wiki/Jud_Larson
281,dempsey_wilson,,,Dempsey,Wilson,1927-03-11,American,http://en.wikipedia.org/wiki/Dempsey_Wilson
282,foyt,,,Anthony,Foyt,1935-01-16,American,http://en.wikipedia.org/wiki/A.J._Foyt
283,goldsmith,,,Paul,Goldsmith,1925-10-02,American,http://en.wikipedia.org/wiki/Paul_Goldsmith
284,phil_hill,,,Phil,Hill,1927-04-20,American,http://en.wikipedia.org/wiki/Phil_Hill
285,shelby,,,Carroll,Shelby,1923-01-11,American,http://en.wikipedia.org/wiki/Carroll_Shelby
286,burgess,,,Ian,Burgess,1930-07-06,British,http://en.wikipedia.org/wiki/Ian_Burgess
287,stacey,,,Alan,Stacey,1933-08-29,British,http://en.wikipedia.org/wiki/Alan_Stacey
288,mclaren,,,Bruce,McLaren,1937-08-30,New Zealander,http://en.wikipedia.org/wiki/Bruce_McLaren
289,goethals,,,Christian,Goethals,1928-08-04,Belgian,http://en.wikipedia.org/wiki/Christian_Goethals
290,la_caze,,,Robert,La Caze,1917-02-26,French,http://en.wikipedia.org/wiki/Robert_La_Caze
291,guelfi,,,André,Guelfi,1919-05-06,French,http://en.wikipedia.org/wiki/Andr%C3%A9_Guelfi
292,picard,,,François,Picard,1921-04-26,French,http://en.wikipedia.org/wiki/Fran%C3%A7ois_Picard
293,bridger,,,Tom,Bridger,1934-06-24,British,http://en.wikipedia.org/wiki/Tom_Bridger
294,Changy,,,Alain,de Changy,1922-02-05,Belgian,http://en.wikipedia.org/wiki/Alain_de_Changy
295,bianchi,,BIA,Lucien,Bianchi,1934-11-10,Belgian,http://en.wikipedia.org/wiki/Lucien_Bianchi
296,lovely,,,Pete,Lovely,1926-04-11,American,http://en.wikipedia.org/wiki/Pete_Lovely
297,lucienbonnet,,,Jean,Lucienbonnet,1923-01-07,French,http://en.wikipedia.org/wiki/Jean_Lucienbonnet
298,arnold,,,Chuck,Arnold,1926-05-30,American,http://en.wikipedia.org/wiki/Chuck_Arnold
299,mcwithey,,,Jim,McWithey,1927-07-04,American,http://en.wikipedia.org/wiki/Jim_McWithey
300,branson,,,Don,Branson,1920-06-02,American,http://en.wikipedia.org/wiki/Don_Branson
301,grim,,,Bobby,Grim,1924-09-04,American,http://en.wikipedia.org/wiki/Bobby_Grim
302,ireland,,,Innes,Ireland,1930-06-12,British,http://en.wikipedia.org/wiki/Innes_Ireland
303,orey,,,Fritz,d'Orey,1938-03-25,Brazilian,http://en.wikipedia.org/wiki/Fritz_d%27Orey
304,gurney,,,Dan,Gurney,1931-04-13,American,http://en.wikipedia.org/wiki/Dan_Gurney
305,davis,,,Colin,Davis,1933-07-29,British,http://en.wikipedia.org/wiki/Colin_Davis_(driver)
306,fontes,,,Azdrubal,Fontes,1922-12-26,Uruguayan,http://en.wikipedia.org/wiki/Azdrubal_Fontes
307,bristow,,,Chris,Bristow,1937-12-02,British,http://en.wikipedia.org/wiki/Chris_Bristow
308,henry_taylor,,,Henry,Taylor,1932-12-16,British,http://en.wikipedia.org/wiki/Henry_Taylor_(racing_driver)
309,ashdown,,,Peter,Ashdown,1934-10-16,British,http://en.wikipedia.org/wiki/Peter_Ashdown
310,piper,,,David,Piper,1930-12-02,British,http://en.wikipedia.org/wiki/David_Piper
311,mike_taylor,,,Mike,Taylor,1934-04-24,British,http://en.wikipedia.org/wiki/Mike_Taylor_(driver)
312,greene,,,Keith,Greene,1938-01-05,British,http://en.wikipedia.org/wiki/Keith_Greene
313,bill_moss,,,Bill,Moss,1933-09-04,British,http://en.wikipedia.org/wiki/Bill_Moss_(racing_driver)
314,parkes,,,Mike,Parkes,1931-09-24,British,http://en.wikipedia.org/wiki/Mike_Parkes
315,dennis_taylor,,,Dennis,Taylor,1921-06-12,British,http://en.wikipedia.org/wiki/Dennis_Taylor_(racing_driver)
316,trevor_taylor,,,Trevor,Taylor,1936-12-26,British,http://en.wikipedia.org/wiki/Trevor_Taylor
317,parnell,,,Tim,Parnell,1932-06-25,British,http://en.wikipedia.org/wiki/Tim_Parnell
318,cabral,,,Mário de Araújo,Cabral,1934-01-15,Portuguese,http://en.wikipedia.org/wiki/Mario_de_Araujo_Cabral
319,blanchard,,,Harry,Blanchard,1929-06-13,American,http://en.wikipedia.org/wiki/Harry_Blanchard
320,constantine,,,George,Constantine,1918-02-22,American,http://en.wikipedia.org/wiki/George_Constantine
321,said,,,Bob,Said,1932-05-05,American,http://en.wikipedia.org/wiki/Bob_Said
322,cade,,,Phil,Cade,1916-06-12,American,http://en.wikipedia.org/wiki/Phil_Cade
323,larreta,,,Alberto Rodriguez,Larreta,1934-01-14,Argentine,http://en.wikipedia.org/wiki/Alberto_Rodriguez_Larreta
324,bonomi,,,Roberto,Bonomi,1919-09-30,Argentine,http://en.wikipedia.org/wiki/Roberto_Bonomi
325,munaron,,,Gino,Munaron,1928-04-02,Italian,http://en.wikipedia.org/wiki/Gino_Munaron
326,estefano,,,Nasif,Estéfano,1932-11-18,Argentine,http://en.wikipedia.org/wiki/Nasif_Est%C3%A9fano
327,chimeri,,,Ettore,Chimeri,1921-06-04,Venezuelan,http://en.wikipedia.org/wiki/Ettore_Chimeri
328,creus,,,Antonio,Creus,1924-10-28,Spanish,http://en.wikipedia.org/wiki/Antonio_Creus
329,ginther,,,Richie,Ginther,1930-08-05,American,http://en.wikipedia.org/wiki/Richie_Ginther
330,surtees,,,John,Surtees,1934-02-11,British,http://en.wikipedia.org/wiki/John_Surtees
331,daigh,,,Chuck,Daigh,1923-11-29,American,http://en.wikipedia.org/wiki/Chuck_Daigh
332,reventlow,,,Lance,Reventlow,1936-02-24,American,http://en.wikipedia.org/wiki/Lance_Reventlow
333,ruby,,,Lloyd,Ruby,1928-01-12,American,http://en.wikipedia.org/wiki/Lloyd_Ruby
334,tingelstad,,,Bud,Tingelstad,1928-04-04,American,http://en.wikipedia.org/wiki/Bud_Tingelstad
335,amick,,,Red,Amick,1929-01-19,American,http://en.wikipedia.org/wiki/Red_Amick
336,hurtubise,,,Jim,Hurtubise,1932-12-05,American,http://en.wikipedia.org/wiki/Jim_Hurtubise
337,weiler,,,Wayne,Weiler,1934-12-09,American,http://en.wikipedia.org/wiki/Wayne_Weiler
338,sutton,,,Len,Sutton,1925-08-09,American,http://en.wikipedia.org/wiki/Len_Sutton
339,clark,,,Jim,Clark,1936-03-04,British,http://en.wikipedia.org/wiki/Jim_Clark
340,mairesse,,,Willy,Mairesse,1928-10-01,Belgian,http://en.wikipedia.org/wiki/Willy_Mairesse
341,drogo,,,Piero,Drogo,1926-08-08,Italian,http://en.wikipedia.org/wiki/Piero_Drogo
342,gamble,,,Fred,Gamble,1932-03-17,American,http://en.wikipedia.org/wiki/Fred_Gamble_(racing_driver)
343,thiele,,,Alfonso,Thiele,1920-04-05,American-Italian,http://en.wikipedia.org/wiki/Alfonso_Thiele
344,vic_wilson,,,Vic,Wilson,1931-04-14,British,http://en.wikipedia.org/wiki/Vic_Wilson_(motor_racing_driver)
345,owen,,,Arthur,Owen,1915-03-23,British,http://en.wikipedia.org/wiki/Arthur_Owen
346,hall,,,Jim,Hall,1935-07-23,American,http://en.wikipedia.org/wiki/Jim_Hall_(race_car_driver)
347,drake,,,Bob,Drake,1919-12-14,American,http://en.wikipedia.org/wiki/Bob_Drake_(Formula_One)
348,may,,,Michael,May,1934-08-18,Swiss,http://en.wikipedia.org/wiki/Michael_May_(racing_driver)
349,lewis,,,Jackie,Lewis,1936-11-01,British,http://en.wikipedia.org/wiki/Jackie_Lewis
350,bandini,,,Lorenzo,Bandini,1935-12-21,Italian,http://en.wikipedia.org/wiki/Lorenzo_Bandini
351,baghetti,,,Giancarlo,Baghetti,1934-12-25,Italian,http://en.wikipedia.org/wiki/Giancarlo_Baghetti
352,collomb,,,Bernard,Collomb,1930-10-07,French,http://en.wikipedia.org/wiki/Bernard_Collomb
353,bordeu,,,Juan Manuel,Bordeu,1934-01-28,Argentine,http://en.wikipedia.org/wiki/Juan_Manuel_Bordeu
354,maggs,,,Tony,Maggs,1937-02-09,South African,http://en.wikipedia.org/wiki/Tony_Maggs
355,ashmore,,,Gerry,Ashmore,1936-07-25,British,http://en.wikipedia.org/wiki/Gerry_Ashmore
356,monteverdi,,,Peter,Monteverdi,1934-06-07,Swiss,http://en.wikipedia.org/wiki/Peter_Monteverdi
357,pirocchi,,,Renato,Pirocchi,1933-03-26,Italian,http://en.wikipedia.org/wiki/Renato_Pirocchi
358,starrabba,,,Gaetano,Starrabba,1932-12-03,Italian,http://en.wikipedia.org/wiki/Gaetano_Starrabba
359,ricardo_rodriguez,,,Ricardo,Rodríguez,1942-02-14,Mexican,http://en.wikipedia.org/wiki/Ricardo_Rodr%C3%ADguez_(Formula_One)
360,vaccarella,,,Nino,Vaccarella,1933-03-04,Italian,http://en.wikipedia.org/wiki/Nino_Vaccarella
361,bussinello,,,Roberto,Bussinello,1927-10-04,Italian,http://en.wikipedia.org/wiki/Roberto_Bussinello
362,penske,,,Roger,Penske,1937-02-20,American,http://en.wikipedia.org/wiki/Roger_Penske
363,ryan,,,Peter,Ryan,1940-06-10,Canadian,http://en.wikipedia.org/wiki/Peter_Ryan_(driver)
364,sharp,,,Hap,Sharp,1928-01-01,American,http://en.wikipedia.org/wiki/Hap_Sharp
365,hansgen,,,Walt,Hansgen,1919-10-28,American,http://en.wikipedia.org/wiki/Walt_Hansgen
366,ken_miles,,,Ken,Miles,1918-11-01,British,http://en.wikipedia.org/wiki/Ken_Miles
367,pon,,,Ben,Pon,1936-12-09,Dutch,http://en.wikipedia.org/wiki/Ben_Pon
368,slotemaker,,,Rob,Slotemaker,1929-06-13,Dutch,http://en.wikipedia.org/wiki/Rob_Slotemaker
369,siffert,,,Jo,Siffert,1936-07-07,Swiss,http://en.wikipedia.org/wiki/Jo_Siffert
370,campbell-jones,,,John,Campbell-Jones,1930-01-21,British,http://en.wikipedia.org/wiki/John_Campbell-Jones
371,schiller,,,Heinz,Schiller,1930-01-25,Swiss,http://en.wikipedia.org/wiki/Heinz_Schiller
372,arundell,,,Peter,Arundell,1933-11-08,British,http://en.wikipedia.org/wiki/Peter_Arundell
373,abate,,,Carlo,Abate,1932-07-10,Italian,http://en.wikipedia.org/wiki/Carlo_Mario_Abate
374,settember,,,Tony,Settember,1926-07-10,American,http://en.wikipedia.org/wiki/Tony_Settember
375,chamberlain,,,Jay,Chamberlain,1925-12-29,American,http://en.wikipedia.org/wiki/Jay_Chamberlain
376,shelly,,,Tony,Shelly,1937-02-02,New Zealander,http://en.wikipedia.org/wiki/Tony_Shelly
377,walter,,,Heini,Walter,1927-07-28,Swiss,http://en.wikipedia.org/wiki/Heini_Walter
378,seiffert,,,Günther,Seiffert,1937-10-18,German,http://en.wikipedia.org/wiki/G%C3%BCnther_Seiffert
379,prinoth,,,Ernesto,Prinoth,1923-04-15,Italian,http://en.wikipedia.org/wiki/Ernesto_Prinoth
380,lippi,,,Roberto,Lippi,1926-10-17,Italian,http://en.wikipedia.org/wiki/Roberto_Lippi
381,schroeder,,,Rob,Schroeder,1926-05-11,British,http://en.wikipedia.org/wiki/Rob_Schroeder
382,mayer,,,Timmy,Mayer,1938-02-22,American,http://en.wikipedia.org/wiki/Timmy_Mayer
383,lederle,,,Neville,Lederle,1938-09-25,South African,http://en.wikipedia.org/wiki/Neville_Lederle
384,love,,,John,Love,1924-12-07,Rhodesian,http://en.wikipedia.org/wiki/John_Love_(racing_driver)
385,johnstone,,,Bruce,Johnstone,1937-01-30,South African,http://en.wikipedia.org/wiki/Bruce_Johnstone_(racing_driver)
386,pieterse,,,Ernie,Pieterse,1938-07-04,South African,http://en.wikipedia.org/wiki/Ernie_Pieterse
387,serrurier,,,Doug,Serrurier,1920-12-09,South African,http://en.wikipedia.org/wiki/Doug_Serrurier
388,harris,,,Mike,Harris,1939-05-25,South African,http://en.wikipedia.org/wiki/Mike_Harris_(race_car_driver)
389,hocking,,,Gary,Hocking,1937-09-30,Rhodesian,http://en.wikipedia.org/wiki/Gary_Hocking
390,vyver,,,Syd,van der Vyver,1920-06-01,South African,http://en.wikipedia.org/wiki/Syd_van_der_Vyver
391,tingle,,,Sam,Tingle,1921-08-24,Rhodesian,http://en.wikipedia.org/wiki/Sam_Tingle
392,amon,,,Chris,Amon,1943-07-20,New Zealander,http://en.wikipedia.org/wiki/Chris_Amon
393,scarfiotti,,,Ludovico,Scarfiotti,1933-10-18,Italian,http://en.wikipedia.org/wiki/Ludovico_Scarfiotti
394,mitter,,,Gerhard,Mitter,1935-08-30,German,http://en.wikipedia.org/wiki/Gerhard_Mitter
395,hailwood,,,Mike,Hailwood,1940-04-02,British,http://en.wikipedia.org/wiki/Mike_Hailwood
396,anderson,,,Bob,Anderson,1931-05-19,British,http://en.wikipedia.org/wiki/Bob_Anderson_(racing_driver)
397,raby,,,Ian,Raby,1921-09-22,British,http://en.wikipedia.org/wiki/Ian_Raby
398,kuhnke,,,Kurt,Kuhnke,1910-04-30,German,http://en.wikipedia.org/wiki/Kurt_Kuhnke
399,spence,,,Mike,Spence,1936-12-30,British,http://en.wikipedia.org/wiki/Mike_Spence
400,ernesto_brambilla,,,Ernesto,Brambilla,1934-01-31,Italian,http://en.wikipedia.org/wiki/Ernesto_Brambilla
401,broeker,,,Peter,Broeker,1926-05-15,Canadian,http://en.wikipedia.org/wiki/Peter_Broeker
402,rodriguez,,,Pedro,Rodríguez,1940-01-18,Mexican,http://en.wikipedia.org/wiki/Pedro_Rodr%C3%ADguez_(racing_driver)
403,vos,,,Ernie,de Vos,1941-07-01,Dutch,http://en.wikipedia.org/wiki/Ernie_de_Vos
404,solana,,,Moisés,Solana,1935-12-26,Mexican,http://en.wikipedia.org/wiki/Mois%C3%A9s_Solana
405,dochnal,,,Frank,Dochnal,1920-10-08,American,http://en.wikipedia.org/wiki/Frank_Dochnal
406,monarch,,,Thomas,Monarch,1945-09-03,American,http://en.wikipedia.org/wiki/Talk:1963_Mexican_Grand_Prix#Who_was_Thomas_Monarch.3F
407,blokdyk,,,Trevor,Blokdyk,1935-11-30,South African,http://en.wikipedia.org/wiki/Trevor_Blokdyk
408,niemann,,,Brausch,Niemann,1939-01-07,South African,http://en.wikipedia.org/wiki/Brausch_Niemann
409,klerk,,,Peter,de Klerk,1935-03-16,South African,http://en.wikipedia.org/wiki/Peter_de_Klerk
410,prophet,,,David,Prophet,1937-10-09,British,http://en.wikipedia.org/wiki/David_Prophet
411,driver,,,Paddy,Driver,1934-05-13,South African,http://en.wikipedia.org/wiki/Paddy_Driver
412,revson,,,Peter,Revson,1939-02-27,American,http://en.wikipedia.org/wiki/Peter_Revson
413,taylor,,,John,Taylor,1933-03-23,British,http://en.wikipedia.org/wiki/John_Taylor_(racer)
414,gardner,,,Frank,Gardner,1930-10-01,Australian,http://en.wikipedia.org/wiki/Frank_Gardner_(driver)
415,attwood,,,Richard,Attwood,1940-04-04,British,http://en.wikipedia.org/wiki/Richard_Attwood
416,bucknum,,,Ronnie,Bucknum,1936-04-05,American,http://en.wikipedia.org/wiki/Ronnie_Bucknum
417,rindt,,,Jochen,Rindt,1942-04-18,Austrian,http://en.wikipedia.org/wiki/Jochen_Rindt
418,geki,,,Giacomo,Russo,1937-10-23,Italian,http://en.wikipedia.org/wiki/Geki_(driver)
419,stewart,,,Jackie,Stewart,1939-06-11,British,http://en.wikipedia.org/wiki/Jackie_Stewart
420,hawkins,,,Paul,Hawkins,1937-10-12,Australian,http://en.wikipedia.org/wiki/Paul_Hawkins_(racing_driver)
421,puzey,,,Clive,Puzey,1941-07-11,Rhodesian,http://en.wikipedia.org/wiki/Clive_Puzey
422,pretorius,,,Jackie,Pretorius,1934-11-22,South African,http://en.wikipedia.org/wiki/Jackie_Pretorius
423,charlton,,,Dave,Charlton,1936-10-27,South African,http://en.wikipedia.org/wiki/Dave_Charlton
424,reed,,,Ray,Reed,1932-04-30,South African,http://en.wikipedia.org/wiki/Ray_Reed
425,clapham,,,David,Clapham,1931-05-18,South African,http://en.wikipedia.org/wiki/David_Clapham
426,hulme,,,Denny,Hulme,1936-06-18,New Zealander,http://en.wikipedia.org/wiki/Denny_Hulme
427,rhodes,,,John,Rhodes,1927-08-18,British,http://en.wikipedia.org/wiki/John_Rhodes_(driver)
428,rollinson,,,Alan,Rollinson,1943-05-15,British,http://en.wikipedia.org/wiki/Alan_Rollinson
429,gubby,,,Brian,Gubby,1934-04-17,British,http://en.wikipedia.org/wiki/Brian_Gubby
430,bassi,,,Giorgio,Bassi,1934-01-20,Italian,http://en.wikipedia.org/wiki/Giorgio_Bassi
431,bondurant,,,Bob,Bondurant,1933-04-27,American,http://en.wikipedia.org/wiki/Bob_Bondurant
432,ligier,,,Guy,Ligier,1930-07-12,French,http://en.wikipedia.org/wiki/Guy_Ligier
433,irwin,,,Chris,Irwin,1942-06-27,British,http://en.wikipedia.org/wiki/Chris_Irwin
434,lawrence,,,Chris,Lawrence,1933-07-27,British,http://en.wikipedia.org/wiki/Chris_Lawrence_(racing_driver)
435,botha,,,Luki,Botha,1930-01-16,South African,http://en.wikipedia.org/wiki/Luki_Botha
436,courage,,,Piers,Courage,1942-05-27,British,http://en.wikipedia.org/wiki/Piers_Courage
437,gavin,,,Johnny,Servoz-Gavin,1942-01-18,French,http://en.wikipedia.org/wiki/Johnny_Servoz-Gavin
438,beltoise,,,Jean-Pierre,Beltoise,1937-04-26,French,http://en.wikipedia.org/wiki/Jean-Pierre_Beltoise
439,hobbs,,,David,Hobbs,1939-06-09,British,http://en.wikipedia.org/wiki/David_Hobbs_(racing_driver)
440,rees,,,Alan,Rees,1938-01-12,British,http://en.wikipedia.org/wiki/Alan_Rees_(racing_driver)
441,moser,,,Silvio,Moser,1941-04-24,Swiss,http://en.wikipedia.org/wiki/Silvio_Moser
442,oliver,,,Jackie,Oliver,1942-08-14,British,http://en.wikipedia.org/wiki/Jackie_Oliver
443,ickx,,,Jacky,Ickx,1945-01-01,Belgian,http://en.wikipedia.org/wiki/Jacky_Ickx
444,hart,,,Brian,Hart,1936-09-07,British,http://en.wikipedia.org/wiki/Brian_Hart
445,hahne,,,Hubert,Hahne,1935-03-28,German,http://en.wikipedia.org/wiki/Hubert_Hahne
446,ahrens,,,Kurt,Ahrens,1940-04-19,German,"http://en.wikipedia.org/wiki/Kurt_Ahrens,_Jr."
447,jo_schlesser,,,Jo,Schlesser,1928-05-18,French,http://en.wikipedia.org/wiki/Jo_Schlesser
448,fisher,,,Mike,Fisher,1943-03-13,American,http://en.wikipedia.org/wiki/Mike_Fisher_(driver)
449,wietzes,,,Eppie,Wietzes,1938-05-28,Canadian,http://en.wikipedia.org/wiki/Eppie_Wietzes
450,pease,,,Al,Pease,1921-10-15,Canadian,http://en.wikipedia.org/wiki/Al_Pease
451,tom_jones,,,Tom,Jones,1943-04-26,American,http://en.wikipedia.org/wiki/Tom_Jones_(auto_racer)
452,williams,,,Jonathan,Williams,1942-10-26,British,http://en.wikipedia.org/wiki/Jonathan_Williams_(racing_driver)
453,rooyen,,,Basil,van Rooyen,1939-04-19,South African,http://en.wikipedia.org/wiki/Basil_van_Rooyen
454,adamich,,,Andrea,de Adamich,1941-10-03,Italian,http://en.wikipedia.org/wiki/Andrea_de_Adamich
455,redman,,,Brian,Redman,1937-03-09,British,http://en.wikipedia.org/wiki/Brian_Redman
456,elford,,,Vic,Elford,1935-06-10,British,http://en.wikipedia.org/wiki/Vic_Elford
457,widdows,,,Robin,Widdows,1942-05-27,British,http://en.wikipedia.org/wiki/Robin_Widdows
458,bell,,,Derek,Bell,1941-10-31,British,http://en.wikipedia.org/wiki/Derek_Bell_(auto_racer)
459,pescarolo,,,Henri,Pescarolo,1942-09-25,French,http://en.wikipedia.org/wiki/Henri_Pescarolo
460,brack,,,Bill,Brack,1935-12-26,Canadian,http://en.wikipedia.org/wiki/Bill_Brack
461,unser,,,Bobby,Unser,1934-02-20,American,http://en.wikipedia.org/wiki/Bobby_Unser
462,mario_andretti,,,Mario,Andretti,1940-02-28,American,http://en.wikipedia.org/wiki/Mario_Andretti
463,miles,,,John,Miles,1943-06-14,British,http://en.wikipedia.org/wiki/John_Miles_(auto_racer)
464,cordts,,,John,Cordts,1935-07-23,Canadian,http://en.wikipedia.org/wiki/John_Cordts
465,eaton,,,George,Eaton,1945-11-12,Canadian,http://en.wikipedia.org/wiki/George_Eaton
466,stommelen,,,Rolf,Stommelen,1943-07-11,German,http://en.wikipedia.org/wiki/Rolf_Stommelen
467,roig,,,Alex,Soler-Roig,1932-10-29,Spanish,http://en.wikipedia.org/wiki/Alex_Soler-Roig
468,peterson,,,Ronnie,Peterson,1944-02-14,Swedish,http://en.wikipedia.org/wiki/Ronnie_Peterson
469,giunti,,,Ignazio,Giunti,1941-08-30,Italian,http://en.wikipedia.org/wiki/Ignazio_Giunti
470,regazzoni,,,Clay,Regazzoni,1939-09-05,Swiss,http://en.wikipedia.org/wiki/Clay_Regazzoni
471,cevert,,,François,Cevert,1944-02-25,French,http://en.wikipedia.org/wiki/Fran%C3%A7ois_Cevert
472,gethin,,,Peter,Gethin,1940-02-21,British,http://en.wikipedia.org/wiki/Peter_Gethin
473,emerson_fittipaldi,,,Emerson,Fittipaldi,1946-12-12,Brazilian,http://en.wikipedia.org/wiki/Emerson_Fittipaldi
474,schenken,,,Tim,Schenken,1943-09-26,Australian,http://en.wikipedia.org/wiki/Tim_Schenken
475,galli,,,Nanni,Galli,1940-10-02,Italian,http://en.wikipedia.org/wiki/Nanni_Galli
476,wisell,,,Reine,Wisell,1941-09-30,Swedish,http://en.wikipedia.org/wiki/Reine_Wisell
477,hutchison,,,Gus,Hutchison,1937-04-26,American,http://en.wikipedia.org/wiki/Gus_Hutchison
478,westbury,,,Peter,Westbury,1938-05-26,British,http://en.wikipedia.org/wiki/Peter_Westbury
479,ganley,,,Howden,Ganley,1941-12-24,New Zealander,http://en.wikipedia.org/wiki/Howden_Ganley
480,barber,,,Skip,Barber,1936-11-16,American,http://en.wikipedia.org/wiki/Skip_Barber
481,lennep,,,Gijs,van Lennep,1942-03-16,Dutch,http://en.wikipedia.org/wiki/Gijs_Van_Lennep
482,walker,,,David,Walker,1941-06-10,Australian,http://en.wikipedia.org/wiki/David_Walker_(racing_driver)
483,mazet,,,François,Mazet,1943-02-24,French,http://en.wikipedia.org/wiki/Fran%C3%A7ois_Mazet
484,jean,,,Max,Jean,1943-07-27,French,http://en.wikipedia.org/wiki/Max_Jean
485,beuttler,,,Mike,Beuttler,1940-04-13,British,http://en.wikipedia.org/wiki/Mike_Beuttler
486,marko,,,Helmut,Marko,1943-04-27,Austrian,http://en.wikipedia.org/wiki/Helmut_Marko
487,lauda,,,Niki,Lauda,1949-02-22,Austrian,http://en.wikipedia.org/wiki/Niki_Lauda
488,jarier,,,Jean-Pierre,Jarier,1946-07-10,French,http://en.wikipedia.org/wiki/Jean-Pierre_Jarier
489,donohue,,,Mark,Donohue,1937-03-18,American,http://en.wikipedia.org/wiki/Mark_Donohue
490,craft,,,Chris,Craft,1939-11-17,British,http://en.wikipedia.org/wiki/Chris_Craft_(racing_driver)
491,Cannoc,,,John,Cannon,1933-06-21,Canadian,http://en.wikipedia.org/wiki/John_Cannon_(auto_racer)
492,posey,,,Sam,Posey,1944-05-26,American,http://en.wikipedia.org/wiki/Sam_Posey
493,reutemann,,,Carlos,Reutemann,1942-04-12,Argentine,http://en.wikipedia.org/wiki/Carlos_Reutemann
494,pace,,,Carlos,Pace,1944-10-06,Brazilian,http://en.wikipedia.org/wiki/Carlos_Pace
495,wilson_fittipaldi,,,Wilson,Fittipaldi,1943-12-25,Brazilian,http://en.wikipedia.org/wiki/Wilson_Fittipaldi
496,depailler,,,Patrick,Depailler,1944-08-09,French,http://en.wikipedia.org/wiki/Patrick_Depailler
497,merzario,,,Arturo,Merzario,1943-03-11,Italian,http://en.wikipedia.org/wiki/Arturo_Merzario
498,migault,,,François,Migault,1944-12-04,French,http://en.wikipedia.org/wiki/Fran%C3%A7ois_Migault
499,scheckter,,,Jody,Scheckter,1950-01-29,South African,http://en.wikipedia.org/wiki/Jody_Scheckter
500,bueno,,,Luiz,Bueno,1937-01-16,Brazilian,http://en.wikipedia.org/wiki/Luiz_Bueno
501,follmer,,,George,Follmer,1934-01-27,American,http://en.wikipedia.org/wiki/George_Follmer
502,keizan,,,Eddie,Keizan,1944-09-12,South African,http://en.wikipedia.org/wiki/Eddie_Keizan
503,hunt,,,James,Hunt,1947-08-29,British,http://en.wikipedia.org/wiki/James_Hunt
504,purley,,,David,Purley,1945-01-26,British,http://en.wikipedia.org/wiki/David_Purley
505,opel,,,Rikky,von Opel,1947-10-14,Liechtensteiner,http://en.wikipedia.org/wiki/Rikky_von_Opel
506,watson,,,John,Watson,1946-05-04,British,http://en.wikipedia.org/wiki/John_Watson_(racing_driver)
507,mass,,,Jochen,Mass,1946-09-30,German,http://en.wikipedia.org/wiki/Jochen_Mass
508,williamson,,,Roger,Williamson,1948-02-02,British,http://en.wikipedia.org/wiki/Roger_Williamson
509,mcrae,,,Graham,McRae,1940-03-05,New Zealander,http://en.wikipedia.org/wiki/Graham_McRae
510,edwards,,,Guy,Edwards,1942-12-30,British,http://en.wikipedia.org/wiki/Guy_Edwards
511,robarts,,,Richard,Robarts,1944-09-22,British,http://en.wikipedia.org/wiki/Richard_Robarts
512,stuck,,,Hans-Joachim,Stuck,1951-01-01,German,http://en.wikipedia.org/wiki/Hans_Joachim_Stuck
513,brambilla,,,Vittorio,Brambilla,1937-11-11,Italian,http://en.wikipedia.org/wiki/Vittorio_Brambilla
514,ian_scheckter,,,Ian,Scheckter,1947-08-22,South African,http://en.wikipedia.org/wiki/Ian_Scheckter
515,belso,,,Tom,Belsø,1942-08-27,Danish,http://en.wikipedia.org/wiki/Tom_Bels%C3%B8
516,schuppan,,,Vern,Schuppan,1943-03-19,Australian,http://en.wikipedia.org/wiki/Vern_Schuppan
517,pilette,,,Teddy,Pilette,1942-07-26,Belgian,http://en.wikipedia.org/wiki/Teddy_Pilette
518,pryce,,,Tom,Pryce,1949-06-11,British,http://en.wikipedia.org/wiki/Tom_Pryce
519,larrousse,,,Gérard,Larrousse,1940-05-23,French,http://en.wikipedia.org/wiki/G%C3%A9rard_Larrousse
520,kinnunen,,,Leo,Kinnunen,1943-08-05,Finnish,http://en.wikipedia.org/wiki/Leo_Kinnunen
521,roos,,,Bertil,Roos,1943-10-12,Swedish,http://en.wikipedia.org/wiki/Bertil_Roos
522,jabouille,,,Jean-Pierre,Jabouille,1942-10-01,French,http://en.wikipedia.org/wiki/Jean-Pierre_Jabouille
523,dolhem,,,José,Dolhem,1944-04-26,French,http://en.wikipedia.org/wiki/Jos%C3%A9_Dolhem
524,lombardi,,,Lella,Lombardi,1941-03-26,Italian,http://en.wikipedia.org/wiki/Lella_Lombardi
525,ashley,,,Ian,Ashley,1947-10-26,British,http://en.wikipedia.org/wiki/Ian_Ashley
526,laffite,,,Jacques,Laffite,1943-11-21,French,http://en.wikipedia.org/wiki/Jacques_Laffite
527,perkins,,,Larry,Perkins,1950-03-18,Australian,http://en.wikipedia.org/wiki/Larry_Perkins
528,quester,,,Dieter,Quester,1939-05-30,Austrian,http://en.wikipedia.org/wiki/Dieter_Quester
529,wilds,,,Mike,Wilds,1946-01-07,British,http://en.wikipedia.org/wiki/Mike_Wilds
530,facetti,,,Carlo,Facetti,1935-06-26,Italian,http://en.wikipedia.org/wiki/Carlo_Facetti
531,koinigg,,,Helmuth,Koinigg,1948-11-03,Austrian,http://en.wikipedia.org/wiki/Helmuth_Koinigg
532,tunmer,,,Guy,Tunmer,1948-12-01,South African,http://en.wikipedia.org/wiki/Guy_Tunmer
533,evans,,,Bob,Evans,1947-06-11,British,http://en.wikipedia.org/wiki/Bob_Evans_(race_driver)
534,brise,,,Tony,Brise,1952-03-28,British,http://en.wikipedia.org/wiki/Tony_Brise
535,wunderink,,,Roelof,Wunderink,1948-12-12,Dutch,http://en.wikipedia.org/wiki/Roelof_Wunderink
536,jones,,,Alan,Jones,1946-11-02,Australian,http://en.wikipedia.org/wiki/Alan_Jones_(Formula_1)
537,palm,,,Torsten,Palm,1947-07-23,Swedish,http://en.wikipedia.org/wiki/Torsten_Palm
538,magee,,,Damien,Magee,1945-11-17,British,http://en.wikipedia.org/wiki/Damien_Magee
539,fushida,,,Hiroshi,Fushida,1946-03-10,Japanese,http://en.wikipedia.org/wiki/Hiroshi_Fushida
540,henton,,,Brian,Henton,1946-09-19,British,http://en.wikipedia.org/wiki/Brian_Henton
541,nicholson,,,John,Nicholson,1941-10-06,New Zealander,http://en.wikipedia.org/wiki/John_Nicholson_(racing_driver)
542,morgan,,,Dave,Morgan,1944-08-07,British,http://en.wikipedia.org/wiki/Dave_Morgan_(racing_driver)
543,crawford,,,Jim,Crawford,1948-02-13,British,http://en.wikipedia.org/wiki/Jim_Crawford_(driver)
544,ertl,,,Harald,Ertl,1948-08-31,Austrian,http://en.wikipedia.org/wiki/Harald_Ertl
545,trimmer,,,Tony,Trimmer,1943-01-24,British,http://en.wikipedia.org/wiki/Tony_Trimmer
546,lunger,,,Brett,Lunger,1945-11-14,American,http://en.wikipedia.org/wiki/Brett_Lunger
547,vonlanthen,,,Jo,Vonlanthen,1942-05-31,Swiss,http://en.wikipedia.org/wiki/Jo_Vonlanthen
548,zorzi,,,Renzo,Zorzi,1946-12-12,Italian,http://en.wikipedia.org/wiki/Renzo_Zorzi
549,leclere,,,Michel,Leclère,1946-03-18,French,http://en.wikipedia.org/wiki/Michel_Lecl%C3%A8re
550,hoffmann,,,Ingo,Hoffmann,1953-02-28,Brazilian,http://en.wikipedia.org/wiki/Ingo_Hoffmann
551,nilsson,,,Gunnar,Nilsson,1948-11-20,Swedish,http://en.wikipedia.org/wiki/Gunnar_Nilsson
552,kessel,,,Loris,Kessel,1950-04-01,Swiss,http://en.wikipedia.org/wiki/Loris_Kessel
553,zapico,,,Emilio,Zapico,1944-05-27,Spanish,http://en.wikipedia.org/wiki/Emilio_Zapico
554,villota,,,Emilio,de Villota,1946-07-26,Spanish,http://en.wikipedia.org/wiki/Emilio_de_Villota
555,neve,,,Patrick,Nève,1949-10-13,Belgian,http://en.wikipedia.org/wiki/Patrick_Neve
556,nelleman,,,Jac,Nelleman,1944-04-19,Danish,http://en.wikipedia.org/wiki/Jac_Nelleman
557,galica,,,Divina,Galica,1944-08-13,British,http://en.wikipedia.org/wiki/Divina_Galica
558,pesenti_rossi,,,Alessandro,Pesenti-Rossi,1942-08-31,Italian,http://en.wikipedia.org/wiki/Alessandro_Pesenti-Rossi
559,binder,,,Hans,Binder,1948-06-12,Austrian,http://en.wikipedia.org/wiki/Hans_Binder
560,hayje,,,Boy,Lunger,1949-05-03,Dutch,http://en.wikipedia.org/wiki/Boy_Hayje
561,andersson,,,Conny,Andersson,1939-12-28,Swedish,http://en.wikipedia.org/wiki/Conny_Andersson_(racing_driver)
562,stuppacher,,,Otto,Stuppacher,1947-03-03,Austrian,http://en.wikipedia.org/wiki/Otto_Stuppacher
563,ribeiro,,,Alex,Ribeiro,1948-11-07,Brazilian,http://en.wikipedia.org/wiki/Alex_Ribeiro
564,brown,,,Warwick,Brown,1949-12-24,Australian,http://en.wikipedia.org/wiki/Warwick_Brown
565,takahara,,,Noritake,Takahara,1951-06-06,Japanese,http://en.wikipedia.org/wiki/Noritake_Takahara
566,hasemi,,,Masahiro,Hasemi,1945-11-13,Japanese,http://en.wikipedia.org/wiki/Masahiro_Hasemi
567,hoshino,,,Kazuyoshi,Hoshino,1947-07-01,Japanese,http://en.wikipedia.org/wiki/Kazuyoshi_Hoshino
568,keegan,,,Rupert,Keegan,1955-02-26,British,http://en.wikipedia.org/wiki/Rupert_Keegan
569,patrese,,,Riccardo,Patrese,1954-04-17,Italian,http://en.wikipedia.org/wiki/Riccardo_Patrese
570,dryver,,,Bernard,de Dryver,1952-09-19,Belgian,http://en.wikipedia.org/wiki/Bernard_de_Dryver
571,rebaque,,,Hector,Rebaque,1956-02-05,Mexican,http://en.wikipedia.org/wiki/Hector_Rebaque
572,tambay,,,Patrick,Tambay,1949-06-25,French,http://en.wikipedia.org/wiki/Patrick_Tambay
573,gilles_villeneuve,,,Gilles,Villeneuve,1950-01-18,Canadian,http://en.wikipedia.org/wiki/Gilles_Villeneuve
574,heyer,,,Hans,Heyer,1943-03-16,German,http://en.wikipedia.org/wiki/Hans_Heyer
575,giacomelli,,,Bruno,Giacomelli,1952-09-10,Italian,http://en.wikipedia.org/wiki/Bruno_Giacomelli
576,leoni,,,Lamberto,Leoni,1953-05-24,Italian,http://en.wikipedia.org/wiki/Lamberto_Leoni
577,ongais,,,Danny,Ongais,1942-05-21,American,http://en.wikipedia.org/wiki/Danny_Ongais
578,takahashi,,,Kunimitsu,Takahashi,1940-01-29,Japanese,http://en.wikipedia.org/wiki/Kunimitsu_Takahashi
579,pironi,,,Didier,Pironi,1952-03-26,French,http://en.wikipedia.org/wiki/Didier_Pironi
580,cheever,,,Eddie,Cheever,1958-01-10,American,http://en.wikipedia.org/wiki/Eddie_Cheever
581,keke_rosberg,,,Keke,Rosberg,1948-12-06,Finnish,http://en.wikipedia.org/wiki/Keke_Rosberg
582,arnoux,,,René,Arnoux,1948-07-04,French,http://en.wikipedia.org/wiki/Ren%C3%A9_Arnoux
583,daly,,,Derek,Daly,1953-03-11,Irish,http://en.wikipedia.org/wiki/Derek_Daly
584,colombo,,,Alberto,Colombo,1946-02-23,Italian,http://en.wikipedia.org/wiki/Alberto_Colombo
585,lees,,,Geoff,Lees,1951-05-01,British,http://en.wikipedia.org/wiki/Geoff_Lees
586,piquet,,,Nelson,Piquet,1952-08-17,Brazilian,http://en.wikipedia.org/wiki/Nelson_Piquet
587,bleekemolen,,,Michael,Bleekemolen,1949-10-02,Dutch,http://en.wikipedia.org/wiki/Michael_Bleekemolen
588,gimax,,,Carlo,Franchi,1938-01-01,Italian,http://en.wikipedia.org/wiki/Gimax
589,rahal,,,Bobby,Rahal,1953-01-10,American,http://en.wikipedia.org/wiki/Bobby_Rahal
590,gabbiani,,,Beppe,Gabbiani,1957-01-02,Italian,http://en.wikipedia.org/wiki/Beppe_Gabbiani
591,angelis,,,Elio,de Angelis,1958-03-26,Italian,http://en.wikipedia.org/wiki/Elio_de_Angelis
592,lammers,,,Jan,Lammers,1956-06-02,Dutch,http://en.wikipedia.org/wiki/Jan_Lammers
593,brancatelli,,,Gianfranco,Brancatelli,1950-01-18,Italian,http://en.wikipedia.org/wiki/Gianfranco_Brancatelli
594,gaillard,,,Patrick,Gaillard,1952-02-12,French,http://en.wikipedia.org/wiki/Patrick_Gaillard
595,surer,,,Marc,Surer,1951-09-18,Swiss,http://en.wikipedia.org/wiki/Marc_Surer
596,zunino,,,Ricardo,Zunino,1949-04-13,Argentine,http://en.wikipedia.org/wiki/Ricardo_Zunino
597,prost,,,Alain,Prost,1955-02-24,French,http://en.wikipedia.org/wiki/Alain_Prost
598,kennedy,,,Dave,Kennedy,1953-01-15,Irish,http://en.wikipedia.org/wiki/David_Kennedy_(racing_driver)
599,johansson,,,Stefan,Johansson,1956-09-08,Swedish,http://en.wikipedia.org/wiki/Stefan_Johansson
600,south,,,Stephen,South,1952-02-19,British,http://en.wikipedia.org/wiki/Stephen_South
601,needell,,,Tiff,Needell,1951-10-29,British,http://en.wikipedia.org/wiki/Tiff_Needell
602,desire_wilson,,,Desiré,Wilson,1953-11-26,South African,http://en.wikipedia.org/wiki/Desir%C3%A9_Wilson
603,mansell,,,Nigel,Mansell,1953-08-08,British,http://en.wikipedia.org/wiki/Nigel_Mansell
604,thackwell,,,Mike,Thackwell,1961-03-30,New Zealander,http://en.wikipedia.org/wiki/Mike_Thackwell
605,manfred_winkelhock,,,Manfred,Winkelhock,1951-10-06,German,http://en.wikipedia.org/wiki/Manfred_Winkelhock
606,cesaris,,,Andrea,de Cesaris,1959-05-31,Italian,http://en.wikipedia.org/wiki/Andrea_de_Cesaris
607,cogan,,,Kevin,Cogan,1956-03-31,American,http://en.wikipedia.org/wiki/Kevin_Cogan
608,serra,,,Chico,Serra,1957-02-03,Brazilian,http://en.wikipedia.org/wiki/Chico_Serra
609,guerra,,,Miguel Ángel,Guerra,1953-08-31,Argentine,http://en.wikipedia.org/wiki/Miguel_Angel_Guerra
610,stohr,,,Siegfried,Stohr,1952-10-10,Italian,http://en.wikipedia.org/wiki/Siegfried_Stohr
611,salazar,,,Eliseo,Salazar,1954-11-14,Chilean,http://en.wikipedia.org/wiki/Eliseo_Salazar
612,londono,,,Ricardo,Londoño,1949-08-08,Colombian,http://en.wikipedia.org/wiki/Ricardo_Londo%C3%B1o
613,borgudd,,,Slim,Borgudd,1946-11-25,Swedish,http://en.wikipedia.org/wiki/Slim_Borgudd
614,alboreto,,,Michele,Alboreto,1956-12-23,Italian,http://en.wikipedia.org/wiki/Michele_Alboreto
615,warwick,,,Derek,Warwick,1954-08-27,British,http://en.wikipedia.org/wiki/Derek_Warwick
616,ghinzani,,,Piercarlo,Ghinzani,1952-01-16,Italian,http://en.wikipedia.org/wiki/Piercarlo_Ghinzani
617,francia,,,Giorgio,Francia,1947-11-08,Italian,http://en.wikipedia.org/wiki/Giorgio_Francia
618,villeneuve_sr,,,Jacques,Villeneuve Sr.,1953-11-04,Canadian,http://en.wikipedia.org/wiki/Jacques_Villeneuve_(elder)
619,boesel,,,Raul,Boesel,1957-12-04,Brazilian,http://en.wikipedia.org/wiki/Raul_Boesel
620,baldi,,,Mauro,Baldi,1954-01-31,Italian,http://en.wikipedia.org/wiki/Mauro_Baldi
621,paletti,,,Riccardo,Paletti,1958-06-15,Italian,http://en.wikipedia.org/wiki/Riccardo_Paletti
622,guerrero,,,Roberto,Guerrero,1958-11-16,Colombian,http://en.wikipedia.org/wiki/Roberto_Guerrero
623,fabi,,,Teo,Fabi,1955-03-09,Italian,http://en.wikipedia.org/wiki/Teo_Fabi
624,moreno,,,Roberto,Moreno,1959-02-11,Brazilian,http://en.wikipedia.org/wiki/Roberto_Moreno
625,byrne,,,Tommy,Byrne,1958-05-06,Irish,http://en.wikipedia.org/wiki/Tommy_Byrne_%28racing_driver%29
626,sullivan,,,Danny,Sullivan,1950-03-09,American,http://en.wikipedia.org/wiki/Danny_Sullivan
627,cecotto,,,Johnny,Cecotto,1956-01-25,Venezuelan,http://en.wikipedia.org/wiki/Johnny_Cecotto
628,corrado_fabi,,,Corrado,Fabi,1961-04-12,Italian,http://en.wikipedia.org/wiki/Corrado_Fabi
629,schlesser,,,Jean-Louis,Schlesser,1948-09-12,French,http://en.wikipedia.org/wiki/Jean-Louis_Schlesser
630,boutsen,,,Thierry,Boutsen,1957-07-13,Belgian,http://en.wikipedia.org/wiki/Thierry_Boutsen
631,acheson,,,Kenny,Acheson,1957-11-27,British,http://en.wikipedia.org/wiki/Kenny_Acheson
632,palmer,,,Jonathan,Palmer,1956-11-07,British,http://en.wikipedia.org/wiki/Jonathan_Palmer
633,brundle,,,Martin,Brundle,1959-06-01,British,http://en.wikipedia.org/wiki/Martin_Brundle
634,hesnault,,,François,Hesnault,1956-12-30,French,http://en.wikipedia.org/wiki/Fran%C3%A7ois_Hesnault
635,alliot,,,Philippe,Alliot,1954-07-27,French,http://en.wikipedia.org/wiki/Philippe_Alliot
636,bellof,,,Stefan,Bellof,1957-11-20,German,http://en.wikipedia.org/wiki/Stefan_Bellof
637,senna,,,Ayrton,Senna,1960-03-21,Brazilian,http://en.wikipedia.org/wiki/Ayrton_Senna
638,gartner,,,Jo,Gartner,1954-01-24,Austrian,http://en.wikipedia.org/wiki/Jo_Gartner
639,rothengatter,,,Huub,Rothengatter,1954-10-08,Dutch,http://en.wikipedia.org/wiki/Huub_Rothengatter
640,berger,,,Gerhard,Berger,1959-08-27,Austrian,http://en.wikipedia.org/wiki/Gerhard_Berger
641,martini,,,Pierluigi,Martini,1961-04-23,Italian,http://en.wikipedia.org/wiki/Pierluigi_Martini
642,streiff,,,Philippe,Streiff,1955-06-26,French,http://en.wikipedia.org/wiki/Philippe_Streiff
643,danner,,,Christian,Danner,1958-04-04,German,http://en.wikipedia.org/wiki/Christian_Danner
644,capelli,,,Ivan,Capelli,1963-05-24,Italian,http://en.wikipedia.org/wiki/Ivan_Capelli
645,dumfries,,,Johnny,Dumfries,1958-04-26,British,http://en.wikipedia.org/wiki/Johnny_Dumfries
646,nannini,,,Alessandro,Nannini,1959-07-07,Italian,http://en.wikipedia.org/wiki/Alessandro_Nannini
647,berg,,,Allen,Berg,1961-08-01,Canadian,http://en.wikipedia.org/wiki/Allen_Berg
648,caffi,,,Alex,Caffi,1964-03-18,Italian,http://en.wikipedia.org/wiki/Alex_Caffi
649,satoru_nakajima,,,Satoru,Nakajima,1953-02-23,Japanese,http://en.wikipedia.org/wiki/Satoru_Nakajima
650,fabre,,,Pascal,Fabre,1960-01-09,French,http://en.wikipedia.org/wiki/Pascal_Fabre
651,campos,,,Adrián,Campos,1960-06-17,Spanish,http://en.wikipedia.org/wiki/Adri%C3%A1n_Campos
652,tarquini,,,Gabriele,Tarquini,1962-03-02,Italian,http://en.wikipedia.org/wiki/Gabriele_Tarquini
653,forini,,,Franco,Forini,1958-09-22,Swiss,http://en.wikipedia.org/wiki/Franco_Forini
654,larini,,,Nicola,Larini,1964-03-19,Italian,http://en.wikipedia.org/wiki/Nicola_Larini
655,dalmas,,,Yannick,Dalmas,1961-07-28,French,http://en.wikipedia.org/wiki/Yannick_Dalmas
656,modena,,,Stefano,Modena,1963-05-12,Italian,http://en.wikipedia.org/wiki/Stefano_Modena
657,sala,,,Luis,Pérez-Sala,1959-05-15,Spanish,http://en.wikipedia.org/wiki/Luis_Perez-Sala
658,gugelmin,,,Maurício,Gugelmin,1963-04-20,Brazilian,http://en.wikipedia.org/wiki/Maur%C3%ADcio_Gugelmin
659,larrauri,,,Oscar,Larrauri,1954-08-19,Argentine,http://en.wikipedia.org/wiki/Oscar_Larrauri
660,bailey,,,Julian,Bailey,1961-10-09,British,http://en.wikipedia.org/wiki/Julian_Bailey
661,schneider,,,Bernd,Schneider,1964-07-20,German,http://en.wikipedia.org/wiki/Bernd_Schneider_(racecar_driver)
662,suzuki,,,Aguri,Suzuki,1960-09-08,Japanese,http://en.wikipedia.org/wiki/Aguri_Suzuki
663,raphanel,,,Pierre-Henri,Raphanel,1961-05-27,French,http://en.wikipedia.org/wiki/Pierre-Henri_Raphanel
664,herbert,,,Johnny,Herbert,1964-06-25,British,http://en.wikipedia.org/wiki/Johnny_Herbert
665,grouillard,,,Olivier,Grouillard,1958-09-02,French,http://en.wikipedia.org/wiki/Olivier_Grouillard
666,foitek,,,Gregor,Foitek,1965-03-27,Swiss,http://en.wikipedia.org/wiki/Gregor_Foitek
667,alesi,,,Jean,Alesi,1964-06-11,French,http://en.wikipedia.org/wiki/Jean_Alesi
668,pirro,,,Emanuele,Pirro,1962-01-12,Italian,http://en.wikipedia.org/wiki/Emanuele_Pirro
669,bernard,,,Éric,Bernard,1964-08-24,French,http://en.wikipedia.org/wiki/%C3%89ric_Bernard
670,donnelly,,,Martin,Donnelly,1964-03-26,British,http://en.wikipedia.org/wiki/Martin_Donnelly_(racing_driver)
671,gachot,,,Bertrand,Gachot,1962-12-23,Belgian,http://en.wikipedia.org/wiki/Bertrand_Gachot
672,weidler,,,Volker,Weidler,1962-03-18,German,http://en.wikipedia.org/wiki/Volker_Weidler
673,lehto,,,Jyrki,Järvilehto,1966-01-31,Finnish,http://en.wikipedia.org/wiki/Jyrki_J%C3%A4rvilehto
674,barilla,,,Paolo,Barilla,1961-04-20,Italian,http://en.wikipedia.org/wiki/Paolo_Barilla
675,morbidelli,,,Gianni,Morbidelli,1968-01-13,Italian,http://en.wikipedia.org/wiki/Gianni_Morbidelli
676,brabham,,,David,Brabham,1965-09-05,Australian,http://en.wikipedia.org/wiki/David_Brabham
677,hakkinen,,,Mika,Häkkinen,1968-09-28,Finnish,http://en.wikipedia.org/wiki/Mika_H%C3%A4kkinen
678,blundell,,,Mark,Blundell,1966-04-08,British,http://en.wikipedia.org/wiki/Mark_Blundell
679,comas,,,Érik,Comas,1963-09-28,French,http://en.wikipedia.org/wiki/%C3%89rik_Comas
680,poele,,,Eric,van de Poele,1961-09-30,Belgian,http://en.wikipedia.org/wiki/Eric_van_de_Poele
681,barbazza,,,Fabrizio,Barbazza,1963-04-02,Italian,http://en.wikipedia.org/wiki/Fabrizio_Barbazza
682,bartels,,,Michael,Bartels,1968-03-08,German,http://en.wikipedia.org/wiki/Michael_Bartels
683,michael_schumacher,,MSC,Michael,Schumacher,1969-01-03,German,http://en.wikipedia.org/wiki/Michael_Schumacher
684,zanardi,,,Alessandro,Zanardi,1966-10-23,Italian,http://en.wikipedia.org/wiki/Alex_Zanardi
685,wendlinger,,,Karl,Wendlinger,1968-12-20,Austrian,http://en.wikipedia.org/wiki/Karl_Wendlinger
686,katayama,,,Ukyo,Katayama,1963-05-29,Japanese,http://en.wikipedia.org/wiki/Ukyo_Katayama
687,fittipaldi,,,Christian,Fittipaldi,1971-01-18,Brazilian,http://en.wikipedia.org/wiki/Christian_Fittipaldi
688,belmondo,,,Paul,Belmondo,1963-04-23,French,http://en.wikipedia.org/wiki/Paul_Belmondo
689,chiesa,,,Andrea,Chiesa,1964-05-06,Swiss,http://en.wikipedia.org/wiki/Andrea_Chiesa
690,amati,,,Giovanna,Amati,1959-07-20,Italian,http://en.wikipedia.org/wiki/Giovanna_Amati
691,damon_hill,,,Damon,Hill,1960-09-17,British,http://en.wikipedia.org/wiki/Damon_Hill
692,naspetti,,,Emanuele,Naspetti,1968-02-24,Italian,http://en.wikipedia.org/wiki/Emanuele_Naspetti
693,mccarthy,,,Perry,McCarthy,1961-03-03,British,http://en.wikipedia.org/wiki/Perry_McCarthy
694,barrichello,,BAR,Rubens,Barrichello,1972-05-23,Brazilian,http://en.wikipedia.org/wiki/Rubens_Barrichello
695,badoer,,BAD,Luca,Badoer,1971-01-25,Italian,http://en.wikipedia.org/wiki/Luca_Badoer
696,andretti,,,Michael,Andretti,1962-10-05,American,http://en.wikipedia.org/wiki/Michael_Andretti
697,lamy,,,Pedro,Lamy,1972-03-20,Portuguese,http://en.wikipedia.org/wiki/Pedro_Lamy
698,apicella,,,Marco,Apicella,1965-10-07,Italian,http://en.wikipedia.org/wiki/Marco_Apicella
699,irvine,,,Eddie,Irvine,1965-11-10,British,http://en.wikipedia.org/wiki/Eddie_Irvine
700,toshio_suzuki,,,Toshio,Suzuki,1955-03-10,Japanese,http://en.wikipedia.org/wiki/Toshio_Suzuki_(driver)
701,gounon,,,Jean-Marc,Gounon,1963-01-01,French,http://en.wikipedia.org/wiki/Jean-Marc_Gounon
702,panis,,,Olivier,Panis,1966-09-02,French,http://en.wikipedia.org/wiki/Olivier_Panis
703,verstappen,,,Jos,Verstappen,1972-03-04,Dutch,http://en.wikipedia.org/wiki/Jos_Verstappen
704,frentzen,,,Heinz-Harald,Frentzen,1967-05-18,German,http://en.wikipedia.org/wiki/Heinz-Harald_Frentzen
705,beretta,,,Olivier,Beretta,1969-11-23,Monegasque,http://en.wikipedia.org/wiki/Olivier_Beretta
706,ratzenberger,,,Roland,Ratzenberger,1960-07-04,Austrian,http://en.wikipedia.org/wiki/Roland_Ratzenberger
707,coulthard,,COU,David,Coulthard,1971-03-27,British,http://en.wikipedia.org/wiki/David_Coulthard
708,montermini,,,Andrea,Montermini,1964-05-30,Italian,http://en.wikipedia.org/wiki/Andrea_Montermini
709,adams,,,Philippe,Adams,1969-11-19,Belgian,http://en.wikipedia.org/wiki/Philippe_Adams
710,schiattarella,,,Domenico,Schiattarella,1967-11-17,Italian,http://en.wikipedia.org/wiki/Domenico_Schiattarella
711,noda,,,Hideki,Noda,1969-03-07,Japanese,http://en.wikipedia.org/wiki/Hideki_Noda
712,salo,,,Mika,Salo,1966-11-30,Finnish,http://en.wikipedia.org/wiki/Mika_Salo
713,lagorce,,,Franck,Lagorce,1968-09-01,French,http://en.wikipedia.org/wiki/Franck_Lagorce
714,inoue,,,Taki,Inoue,1963-09-05,Japanese,http://en.wikipedia.org/wiki/Taki_Inoue
715,deletraz,,,Jean-Denis,Délétraz,1963-10-01,Swiss,http://en.wikipedia.org/wiki/Jean-Denis_Deletraz
716,diniz,,,Pedro,Diniz,1970-05-22,Brazilian,http://en.wikipedia.org/wiki/Pedro_Diniz
717,boullion,,,Jean-Christophe,Boullion,1969-12-27,French,http://en.wikipedia.org/wiki/Jean-Christophe_Boullion
718,papis,,,Massimiliano,Papis,1969-10-03,Italian,http://en.wikipedia.org/wiki/Massimiliano_Papis
719,lavaggi,,,Giovanni,Lavaggi,1958-02-18,Italian,http://en.wikipedia.org/wiki/Giovanni_Lavaggi
720,magnussen,,MAG,Jan,Magnussen,1973-07-04,Danish,http://en.wikipedia.org/wiki/Jan_Magnussen
721,villeneuve,,VIL,Jacques,Villeneuve,1971-04-09,Canadian,http://en.wikipedia.org/wiki/Jacques_Villeneuve
722,rosset,,,Ricardo,Rosset,1968-07-27,Brazilian,http://en.wikipedia.org/wiki/Ricardo_Rosset
723,fisichella,,FIS,Giancarlo,Fisichella,1973-01-14,Italian,http://en.wikipedia.org/wiki/Giancarlo_Fisichella
724,marques,,,Tarso,Marques,1976-01-19,Brazilian,http://en.wikipedia.org/wiki/Tarso_Marques
725,nakano,,,Shinji,Nakano,1971-04-01,Japanese,http://en.wikipedia.org/wiki/Shinji_Nakano
726,trulli,,TRU,Jarno,Trulli,1974-07-13,Italian,http://en.wikipedia.org/wiki/Jarno_Trulli
727,ralf_schumacher,,SCH,Ralf,Schumacher,1975-06-30,German,http://en.wikipedia.org/wiki/Ralf_Schumacher
728,sospiri,,,Vincenzo,Sospiri,1966-10-07,Italian,http://en.wikipedia.org/wiki/Vincenzo_Sospiri
729,wurz,,WUR,Alexander,Wurz,1974-02-15,Austrian,http://en.wikipedia.org/wiki/Alexander_Wurz
730,fontana,,,Norberto,Fontana,1975-01-20,Argentine,http://en.wikipedia.org/wiki/Norberto_Fontana
731,tuero,,,Esteban,Tuero,1978-04-22,Argentine,http://en.wikipedia.org/wiki/Esteban_Tuero
732,takagi,,,Toranosuke,Takagi,1974-02-12,Japanese,http://en.wikipedia.org/wiki/Toranosuke_Takagi
733,rosa,,DLR,Pedro,de la Rosa,1971-02-24,Spanish,http://en.wikipedia.org/wiki/Pedro_de_la_Rosa
734,zonta,,ZON,Ricardo,Zonta,1976-03-23,Brazilian,http://en.wikipedia.org/wiki/Ricardo_Zonta
735,gene,,,Marc,Gené,1974-03-29,Spanish,http://en.wikipedia.org/wiki/Marc_Gen%C3%A9
736,sarrazin,,,Stéphane,Sarrazin,1975-11-02,French,http://en.wikipedia.org/wiki/St%C3%A9phane_Sarrazin
737,heidfeld,,HEI,Nick,Heidfeld,1977-05-10,German,http://en.wikipedia.org/wiki/Nick_Heidfeld
738,button,22.0,BUT,Jenson,Button,1980-01-19,British,http://en.wikipedia.org/wiki/Jenson_Button
739,mazzacane,,,Gastón,Mazzacane,1975-05-08,Argentine,http://en.wikipedia.org/wiki/Gast%C3%B3n_Mazzacane
740,burti,,,Luciano,Burti,1975-03-05,Brazilian,http://en.wikipedia.org/wiki/Luciano_Burti
741,raikkonen,7.0,RAI,Kimi,Räikkönen,1979-10-17,Finnish,http://en.wikipedia.org/wiki/Kimi_R%C3%A4ikk%C3%B6nen
742,alonso,14.0,ALO,Fernando,Alonso,1981-07-29,Spanish,http://en.wikipedia.org/wiki/Fernando_Alonso
743,montoya,,MON,Juan,Pablo Montoya,1975-09-20,Colombian,http://en.wikipedia.org/wiki/Juan_Pablo_Montoya
744,bernoldi,,,Enrique,Bernoldi,1978-10-19,Brazilian,http://en.wikipedia.org/wiki/Enrique_Bernoldi
745,enge,,,Tomáš,Enge,1976-09-11,Czech,http://en.wikipedia.org/wiki/Tom%C3%A1%C5%A1_Enge
746,yoong,,,Alex,Yoong,1976-07-20,Malaysian,http://en.wikipedia.org/wiki/Alex_Yoong
747,webber,,WEB,Mark,Webber,1976-08-27,Australian,http://en.wikipedia.org/wiki/Mark_Webber_(racing_driver)
748,sato,,SAT,Takuma,Sato,1977-01-28,Japanese,http://en.wikipedia.org/wiki/Takuma_Sato
749,massa,19.0,MAS,Felipe,Massa,1981-04-25,Brazilian,http://en.wikipedia.org/wiki/Felipe_Massa
750,mcnish,,,Allan,McNish,1969-12-29,British,http://en.wikipedia.org/wiki/Allan_McNish
751,davidson,,DAV,Anthony,Davidson,1979-04-18,British,http://en.wikipedia.org/wiki/Anthony_Davidson
752,pizzonia,,PIZ,Antônio,Pizzonia,1980-09-11,Brazilian,http://en.wikipedia.org/wiki/Ant%C3%B4nio_Pizzonia
753,wilson,,,Justin,Wilson,1978-07-31,British,http://en.wikipedia.org/wiki/Justin_Wilson_(racing_driver)
754,matta,,,Cristiano,da Matta,1973-09-19,Brazilian,http://en.wikipedia.org/wiki/Cristiano_da_Matta
755,firman,,,Ralph,Firman,1975-05-20,Irish,http://en.wikipedia.org/wiki/Ralph_Firman
756,kiesa,,,Nicolas,Kiesa,1978-03-03,Danish,http://en.wikipedia.org/wiki/Nicolas_Kiesa
757,baumgartner,,,Zsolt,Baumgartner,1981-01-01,Hungarian,http://en.wikipedia.org/wiki/Zsolt_Baumgartner
758,klien,,KLI,Christian,Klien,1983-02-07,Austrian,http://en.wikipedia.org/wiki/Christian_Klien
759,pantano,,,Giorgio,Pantano,1979-02-04,Italian,http://en.wikipedia.org/wiki/Giorgio_Pantano
760,bruni,,,Gianmaria,Bruni,1981-05-30,Italian,http://en.wikipedia.org/wiki/Gianmaria_Bruni
761,glock,,GLO,Timo,Glock,1982-03-18,German,http://en.wikipedia.org/wiki/Timo_Glock
762,karthikeyan,,KAR,Narain,Karthikeyan,1977-01-14,Indian,http://en.wikipedia.org/wiki/Narain_Karthikeyan
763,monteiro,,TMO,Tiago,Monteiro,1976-07-24,Portuguese,http://en.wikipedia.org/wiki/Tiago_Monteiro
764,friesacher,,FRI,Patrick,Friesacher,1980-09-26,Austrian,http://en.wikipedia.org/wiki/Patrick_Friesacher
765,albers,,ALB,Christijan,Albers,1979-04-16,Dutch,http://en.wikipedia.org/wiki/Christijan_Albers
766,liuzzi,,LIU,Vitantonio,Liuzzi,1980-08-06,Italian,http://en.wikipedia.org/wiki/Vitantonio_Liuzzi
767,doornbos,,DOO,Robert,Doornbos,1981-09-23,Dutch,http://en.wikipedia.org/wiki/Robert_Doornbos
768,rosberg,6.0,ROS,Nico,Rosberg,1985-06-27,German,http://en.wikipedia.org/wiki/Nico_Rosberg
769,speed,,SPE,Scott,Speed,1983-01-24,American,http://en.wikipedia.org/wiki/Scott_Speed
770,ide,,IDE,Yuji,Ide,1975-01-21,Japanese,http://en.wikipedia.org/wiki/Yuji_Ide
771,montagny,,FMO,Franck,Montagny,1978-01-05,French,http://en.wikipedia.org/wiki/Franck_Montagny
772,yamamoto,,YAM,Sakon,Yamamoto,1982-07-09,Japanese,http://en.wikipedia.org/wiki/Sakon_Yamamoto
773,kubica,88.0,KUB,Robert,Kubica,1984-12-07,Polish,http://en.wikipedia.org/wiki/Robert_Kubica
774,hamilton,44.0,HAM,Lewis,Hamilton,1985-01-07,British,http://en.wikipedia.org/wiki/Lewis_Hamilton
775,kovalainen,,KOV,Heikki,Kovalainen,1981-10-19,Finnish,http://en.wikipedia.org/wiki/Heikki_Kovalainen
776,sutil,99.0,SUT,Adrian,Sutil,1983-01-11,German,http://en.wikipedia.org/wiki/Adrian_Sutil
777,vettel,5.0,VET,Sebastian,Vettel,1987-07-03,German,http://en.wikipedia.org/wiki/Sebastian_Vettel
778,markus_winkelhock,,WIN,Markus,Winkelhock,1980-06-13,German,http://en.wikipedia.org/wiki/Markus_Winkelhock
779,nakajima,,NAK,Kazuki,Nakajima,1985-01-11,Japanese,http://en.wikipedia.org/wiki/Kazuki_Nakajima
780,bourdais,,BOU,Sébastien,Bourdais,1979-02-28,French,http://en.wikipedia.org/wiki/S%C3%A9bastien_Bourdais
781,piquet_jr,,PIQ,Nelson,Piquet Jr.,1985-07-25,Brazilian,"http://en.wikipedia.org/wiki/Nelson_Piquet,_Jr."
782,buemi,,BUE,Sébastien,Buemi,1988-10-31,Swiss,http://en.wikipedia.org/wiki/S%C3%A9bastien_Buemi
783,alguersuari,,ALG,Jaime,Alguersuari,1990-03-23,Spanish,http://en.wikipedia.org/wiki/Jaime_Alguersuari
784,grosjean,8.0,GRO,Romain,Grosjean,1986-04-17,French,http://en.wikipedia.org/wiki/Romain_Grosjean
785,kobayashi,10.0,KOB,Kamui,Kobayashi,1986-09-13,Japanese,http://en.wikipedia.org/wiki/Kamui_Kobayashi
786,hulkenberg,27.0,HUL,Nico,Hülkenberg,1987-08-19,German,http://en.wikipedia.org/wiki/Nico_H%C3%BClkenberg
787,bruno_senna,,SEN,Bruno,Senna,1983-10-15,Brazilian,http://en.wikipedia.org/wiki/Bruno_Senna
788,petrov,,PET,Vitaly,Petrov,1984-09-08,Russian,http://en.wikipedia.org/wiki/Vitaly_Petrov
789,grassi,,DIG,Lucas,di Grassi,1984-08-11,Brazilian,http://en.wikipedia.org/wiki/Lucas_di_Grassi
790,chandhok,,CHA,Karun,Chandhok,1984-01-19,Indian,http://en.wikipedia.org/wiki/Karun_Chandhok
791,resta,,DIR,Paul,di Resta,1986-04-16,British,http://en.wikipedia.org/wiki/Paul_di_Resta
792,ambrosio,,DAM,Jérôme,d'Ambrosio,1985-12-27,Belgian,http://en.wikipedia.org/wiki/J%C3%A9r%C3%B4me_d%27Ambrosio
793,maldonado,13.0,MAL,Pastor,Maldonado,1985-03-09,Venezuelan,http://en.wikipedia.org/wiki/Pastor_Maldonado
794,perez,11.0,PER,Sergio,Pérez,1990-01-26,Mexican,http://en.wikipedia.org/wiki/Sergio_P%C3%A9rez
795,ricciardo,3.0,RIC,Daniel,Ricciardo,1989-07-01,Australian,http://en.wikipedia.org/wiki/Daniel_Ricciardo
796,vergne,25.0,VER,Jean-Éric,Vergne,1990-04-25,French,http://en.wikipedia.org/wiki/Jean-%C3%89ric_Vergne
797,pic,,PIC,Charles,Pic,1990-02-15,French,http://en.wikipedia.org/wiki/Charles_Pic
798,gutierrez,21.0,GUT,Esteban,Gutiérrez,1991-08-05,Mexican,http://en.wikipedia.org/wiki/Esteban_Guti%C3%A9rrez
799,bottas,77.0,BOT,Valtteri,Bottas,1989-08-28,Finnish,http://en.wikipedia.org/wiki/Valtteri_Bottas
800,jules_bianchi,17.0,BIA,Jules,Bianchi,1989-08-03,French,http://en.wikipedia.org/wiki/Jules_Bianchi
801,chilton,4.0,CHI,Max,Chilton,1991-04-21,British,http://en.wikipedia.org/wiki/Max_Chilton
802,garde,,VDG,Giedo,van der Garde,1985-04-25,Dutch,http://en.wikipedia.org/wiki/Giedo_van_der_Garde
803,kevin_magnussen,20.0,MAG,Kevin,Magnussen,1992-10-05,Danish,http://en.wikipedia.org/wiki/Kevin_Magnussen
804,kvyat,26.0,KVY,Daniil,Kvyat,1994-04-26,Russian,http://en.wikipedia.org/wiki/Daniil_Kvyat
805,ericsson,9.0,ERI,Marcus,Ericsson,1990-09-02,Swedish,http://en.wikipedia.org/wiki/Marcus_Ericsson
806,lotterer,45.0,LOT,André,Lotterer,1981-11-19,German,http://en.wikipedia.org/wiki/Andr%C3%A9_Lotterer
807,stevens,28.0,STE,Will,Stevens,1991-06-28,British,http://en.wikipedia.org/wiki/Will_Stevens
808,nasr,12.0,NAS,Felipe,Nasr,1992-08-21,Brazilian,http://en.wikipedia.org/wiki/Felipe_Nasr
809,sainz,55.0,SAI,Carlos,Sainz,1994-09-01,Spanish,http://en.wikipedia.org/wiki/Carlos_Sainz_Jr.
810,max_verstappen,33.0,VER,Max,Verstappen,1997-09-30,Dutch,http://en.wikipedia.org/wiki/Max_Verstappen
811,merhi,98.0,MER,Roberto,Merhi,1991-03-22,Spanish,http://en.wikipedia.org/wiki/Roberto_Merhi
812,rossi,53.0,RSS,Alexander,Rossi,1991-09-25,American,http://en.wikipedia.org/wiki/Alexander_Rossi_%28racing_driver%29
813,jolyon_palmer,30.0,PAL,Jolyon,Palmer,1991-01-20,British,http://en.wikipedia.org/wiki/Jolyon_Palmer
814,wehrlein,94.0,WEH,Pascal,Wehrlein,1994-10-18,German,http://en.wikipedia.org/wiki/Pascal_Wehrlein
815,haryanto,88.0,HAR,Rio,Haryanto,1993-01-22,Indonesian,http://en.wikipedia.org/wiki/Rio_Haryanto
816,vandoorne,2.0,VAN,Stoffel,Vandoorne,1992-03-26,Belgian,http://en.wikipedia.org/wiki/Stoffel_Vandoorne
817,ocon,31.0,OCO,Esteban,Ocon,1996-09-17,French,http://en.wikipedia.org/wiki/Esteban_Ocon
818,giovinazzi,99.0,GIO,Antonio,Giovinazzi,1993-12-14,Italian,http://en.wikipedia.org/wiki/Antonio_Giovinazzi
819,stroll,18.0,STR,Lance,Stroll,1998-10-29,Canadian,http://en.wikipedia.org/wiki/Lance_Stroll
820,gasly,10.0,GAS,Pierre,Gasly,1996-02-07,French,http://en.wikipedia.org/wiki/Pierre_Gasly
821,brendon_hartley,28.0,HAR,Brendon,Hartley,1989-11-10,New Zealander,http://en.wikipedia.org/wiki/Brendon_Hartley
822,leclerc,16.0,LEC,Charles,Leclerc,1997-10-16,Monegasque,http://en.wikipedia.org/wiki/Charles_Leclerc
823,sirotkin,35.0,SIR,Sergey,Sirotkin,1995-08-27,Russian,http://en.wikipedia.org/wiki/Sergey_Sirotkin_(racing_driver)
824,norris,4.0,NOR,Lando,Norris,1999-11-13,British,http://en.wikipedia.org/wiki/Lando_Norris
825,albon,23.0,ALB,Alexander,Albon,1996-03-23,Thai,http://en.wikipedia.org/wiki/Alexander_Albon
826,russell,63.0,RUS,George,Russell,1998-02-15,British,http://en.wikipedia.org/wiki/George_Russell_%28racing_driver%29
827,latifi,6.0,LAT,Nicholas,Latifi,1995-06-29,Canadian,http://en.wikipedia.org/wiki/Nicholas_Latifi
828,aitken,89.0,AIT,Jack,Aitken,1995-09-23,British,http://en.wikipedia.org/wiki/Jack_Aitken
829,pietro_fittipaldi,51.0,FIT,Pietro,Fittipaldi,1996-06-25,Brazilian,http://en.wikipedia.org/wiki/Pietro_Fittipaldi
830,tsunoda,22.0,TSU,Yuki,Tsunoda,2000-05-11,Japanese,http://en.wikipedia.org/wiki/Yuki_Tsunoda
831,mick_schumacher,47.0,MSC,Mick,Schumacher,1999-03-22,German,http://en.wikipedia.org/wiki/Mick_Schumacher
832,mazepin,9.0,MAZ,Nikita,Mazepin,1999-03-02,Russian,http://en.wikipedia.org/wiki/Nikita_Mazepin
833,zhou,24.0,ZHO,Guanyu,Zhou,1999-05-30,Chinese,http://en.wikipedia.org/wiki/Guanyu_Zhou
834,de_vries,45.0,DEV,Nyck,de Vries,1995-02-06,Dutch,http://en.wikipedia.org/wiki/Nyck_de_Vries
